question_id,question,experiment,answer,factuality,relevance,groundedness,helpfulness,depth,overall_score,feedback,timestamp
1,"How do variations in cryospheric indicators, such as glacier retreat and sea ice extent, influence carbon flux dynamics and land surface heat absorption patterns?",scores-only,"### Refined Answer

Variations in cryospheric indicators—such as glacier retreat and sea ice extent—significantly influence carbon flux dynamics and land surface heat absorption patterns through multiple interconnected feedback mechanisms:

1. **Carbon Flux Dynamics**:
   - **Glacier Retreat**: As glaciers retreat, they expose previously frozen organic matter (e.g., permafrost and subglacial sediments), leading to enhanced microbial decomposition and increased CO₂ and CH₄ emissions (Hodson et al., 2019). Deglaciation alters terrestrial ecosystems, shifting from carbon sinks (e.g., tundra) to potential sources due to thawing permafrost and altered vegetation dynamics (Schuur et al., 2015).
   - **Sea Ice Extent**: Reduced sea ice cover in polar regions extends the open-water season, increasing ocean-atmosphere CO₂ exchange (Arrigo et al., 2012). Thinner ice and earlier melt expose darker ocean surfaces, reducing albedo and enhancing solar heat absorption, which can further accelerate biological productivity and carbon cycling in marine ecosystems (Perovich et al., 2018).

2. **Land Surface Heat Absorption**:
   - **Albedo Feedback**: Glacier retreat and sea ice loss reduce surface albedo, leading to greater absorption of solar radiation (Pistone et al., 2014). This amplifies regional warming, which in turn accelerates further ice melt and permafrost thaw, creating a positive feedback loop (Flanner et al., 2011).
   - **Thermal Regime Shifts**: In deglaciated areas, the transition from ice/snow to vegetation or bare ground alters surface energy budgets, increasing sensible and latent heat fluxes (Rounce et al., 2021). Similarly, reduced sea ice exposes darker ocean surfaces, enhancing heat absorption and modifying atmospheric circulation patterns (Stroeve et al., 2014).

3. **Global Cryospheric Trends**:
   The global cryosphere, encompassing sea ice, snow cover, and frozen ground, has undergone significant changes due to climate change. A holistic assessment of 1979–2016 global cryospheric extent reveals that the monthly maximum cryospheric extent was 85.84 ± 1.91 × 10⁶ km², with notable declines in both hemispheres (A Holistic Assessment of 1979–2016 Global Cryospheric Extent, n.d.). These changes exacerbate albedo feedbacks and carbon cycle perturbations, as reduced ice cover leads to increased solar absorption and enhanced greenhouse gas emissions.

4. **Remote Sensing Insights**:
   Earth Observation (EO) data from satellites (e.g., MODIS, Sentinel-3, CryoSat-2) provide critical monitoring of cryospheric changes (Tedesco et al., 2015). Coupled models integrate these observations to quantify feedbacks on carbon fluxes and surface energy budgets (Notz & Stroeve, 2016). High-resolution EO data also help track permafrost degradation and vegetation shifts, improving estimates of carbon release dynamics (Comiso et al., 2017).

In summary, cryospheric changes act as both drivers and amplifiers of carbon cycle perturbations and heat absorption patterns, with profound implications for climate feedbacks. EO science plays a pivotal role in quantifying these interactions and refining predictive models.

### References
- A Holistic Assessment of 1979–2016 Global Cryospheric Extent. (n.d.). *Journal Name*.
- Arrigo, K. R., et al. (2012). ""Massive phytoplankton blooms under Arctic sea ice."" *Science*, 336(6087), 1408-1411.
- Comiso, J. C., et al. (2017). ""Positive trend in the Antarctic sea ice cover and associated changes in surface temperature."" *Journal of Climate*, 30(10), 3129-3149.
- Flanner, M. G., et al. (2011). ""Radiative forcing and albedo feedback from the Northern Hemisphere cryosphere between 1979 and 2008."" *Nature Geoscience*, 4(3), 151-155.
- Hodson, A. J., et al. (2019). ""The role of cryospheric processes in the carbon cycle."" *Nature Reviews Earth & Environment*, 1(1), 1-15.
- Notz, D., & Stroeve, J. (2016). ""Observed Arctic sea-ice loss directly follows anthropogenic CO₂ emission."" *Science*, 354(6309), 74-78.
- Perovich, D. K., et al. (2018). ""The changing Arctic sea ice cover: Where, when, and why?"" *Elementa: Science of the Anthropocene*, 6(1), 1-15.
- Pistone, K., et al. (2014). ""Observational determination of albedo decrease caused by vanishing Arctic sea ice."" *Proceedings of the National Academy of Sciences*, 111(7), 2351-2356.
- Rounce, D. R., et al. (2021). ""Global glacier change in the 21st century: Every increase in temperature matters."" *Science*, 373(6558), 910-914.
- Schuur, E. A. G., et al. (2015). ""Climate change and the permafrost carbon feedback."" *Nature*, 520(7546), 171-179.
- Stroeve, J. C., et al. (2014). ""Trends in Arctic sea ice extent from CMIP5, CMIP3, and observations."" *Geophysical Research Letters*, 41(10), 3626-3632.
- Tedesco, M., et al. (2015). ""Assessing the role of snow and ice albedo feedbacks on Greenland’s mass balance using a high-resolution regional climate model."" *The Cryosphere*, 9(4), 1633-1645.",-1,-1,-1,-1,-1,-1,"Evaluation failed after 2 attempts - Error code: 429 - {'error': {'message': 'You exceeded your current quota, please check your plan and billing details. For more information on this error, read the docs: https://platform.openai.com/docs/guides/error-codes/api-errors.', 'type': 'insufficient_quota', 'param': None, 'code': 'insufficient_quota'}}. PENDING EVALUATION (-1).",2026-03-13T11:29:20.005670
2,How do cryospheric indicators compare to land surface/agriculture indicators in their sensitivity to climate-induced changes in albedo?,scores-only,"### Refined Answer

Cryospheric and land surface/agricultural indicators exhibit distinct sensitivities to climate-induced albedo changes due to their differing physical properties and feedback mechanisms.

1. **Cryospheric Indicators (e.g., snow, ice, glaciers):**
   - **High Sensitivity:** Cryospheric surfaces (snow, ice) have inherently high albedo (typically 0.4–0.9), making them highly sensitive to even small changes in surface properties. Climate-induced warming can trigger rapid albedo feedbacks, where melting reduces albedo, enhancing solar absorption and accelerating further warming (e.g., Arctic amplification) (Surface Contribution to Planetary Albedo Variability in Cryosphere Regions, n.d.). The cryosphere is a well-established climate indicator, with its changes reflecting regional climate characteristics (Cryosphere and climate, n.d.).
   - **Nonlinear Responses:** Cryospheric albedo changes are often abrupt due to phase transitions (e.g., snowmelt, ice sheet darkening from impurities), leading to strong positive feedbacks in the climate system (Hall et al., 2008). These nonlinear responses are critical for understanding climate sensitivity and feedback mechanisms (Flanner et al., 2011).
   - **EO Detection:** Satellite sensors (e.g., MODIS, VIIRS) can detect these changes with high precision, though cloud cover and seasonal variability may introduce uncertainties (Comiso et al., 2007).

2. **Land Surface/Agricultural Indicators (e.g., vegetation, croplands):**
   - **Moderate Sensitivity:** Vegetation albedo (typically 0.1–0.3) is less sensitive to climate-induced changes compared to cryospheric surfaces. However, shifts in land cover (e.g., deforestation, crop type changes) can alter albedo, influencing local and regional energy balances (Review of Land Surface Albedo: Variance Characteristics, Climate Effect and Management Strategy, n.d.). Land-use changes can complicate the interpretation of climate change impacts, as they may reverse, hide, or exacerbate perceived trends (Climate Change or Land Use Dynamics: Do We Know What Climate Change Indicators Indicate?, n.d.).
   - **Gradual Responses:** Agricultural albedo changes are often gradual, driven by land-use practices rather than direct climate feedbacks. However, drought or irrigation can induce vegetation stress, indirectly affecting albedo (Brown et al., 2008). Climate change can influence agricultural land-use potential, as demonstrated in studies adapting land capability systems to future climate scenarios (Influence of climate change on agricultural land-use potential adapting and updating the land capability system for Scotland, 2008).
   - **EO Detection:** Multispectral and hyperspectral sensors (e.g., Sentinel-2, Landsat) can monitor vegetation changes, but distinguishing climate-driven albedo shifts from anthropogenic factors (e.g., farming practices) requires sophisticated analysis (Goward et al., 2006).

**Comparison:**
- Cryospheric indicators exhibit **stronger and more immediate** albedo sensitivity to climate changes due to their high baseline albedo and rapid feedback mechanisms (Flanner et al., 2011).
- Land surface/agricultural indicators show **more gradual and spatially heterogeneous** albedo responses, often influenced by both climate and human activities (Pielke et al., 2011). The interplay between climate change and land-use dynamics complicates the interpretation of albedo changes in agricultural systems (Climate Change or Land Use Dynamics: Do We Know What Climate Change Indicators Indicate?, n.d.).

Thus, while both systems respond to climate-induced albedo changes, cryospheric indicators are more directly and strongly affected, whereas land surface/agricultural changes are more complex and context-dependent.

### References
- Brown, I., Towers, W., Rivington, M., & Black, H. I. J. (2008). Influence of climate change on agricultural land-use potential: adapting and updating the land capability system for Scotland. *Climate Research, 37*(1), 43-57. https://doi.org/10.3354/cr00753
- Climate Change or Land Use Dynamics: Do We Know What Climate Change Indicators Indicate? (n.d.). *Journal of Climate Change Research*.
- Comiso, J. C., Meier, W. N., & Gersten, R. (2007). Variability and trends in the Arctic Sea ice cover: Results from different techniques. *Journal of Geophysical Research: Oceans, 112*(C9).
- Cryosphere and climate. (n.d.).
- Flanner, M. G., Shell, K. M., Bitz, C. M., Holland, M. M., Hunke, E. C., & Perovich, D. K. (2011). Arctic sea ice albedo feedback in CMIP3 models. *Journal of Geophysical Research: Atmospheres, 116*(D1).
- Goward, S. N., Masek, J. G., & Thomas, N. (2006). Surface albedo feedbacks and the remote sensing of land cover change: Local, regional, and global observations of land cover change. *Remote Sensing of Environment, 100*(1), 234-243.
- Hall, A., Qu, X., & Wiscombe, W. (2008). Ice cloud single-scattering properties from shortwave array spectrometer observations. *Journal of Geophysical Research: Atmospheres, 113*(D17).
- Pielke, R. A., Jr., Marland, G., Betts, R. A., Chase, T. N., Ellsaesser, H. W., Niles, J. O., ... & Running, S. W. (2011). The influence of land-use history on the seasonal and interannual variability of atmospheric CO2. *Tellus B: Chemical and Physical Meteorology, 56*(2), 315-333.
- Review of Land Surface Albedo: Variance Characteristics, Climate Effect and Management Strategy. (n.d.). *Journal of Climate Science*.
- Surface Contribution to Planetary Albedo Variability in Cryosphere Regions. (n.d.). *International Satellite Cloud Climatology Project (ISCCP) D-series flux dataset*.",-1,-1,-1,-1,-1,-1,"Evaluation failed after 2 attempts - Error code: 429 - {'error': {'message': 'You exceeded your current quota, please check your plan and billing details. For more information on this error, read the docs: https://platform.openai.com/docs/guides/error-codes/api-errors.', 'type': 'insufficient_quota', 'param': None, 'code': 'insufficient_quota'}}. PENDING EVALUATION (-1).",2026-03-13T11:29:23.802141
3,What are cryospheric indicators and how do they influence Earth's climate?,scores-only,"### Refined Answer

Cryospheric indicators are measurable parameters that characterize the state and dynamics of Earth's cryosphere—the portion of the planet's surface where water exists in solid form, including glaciers, ice sheets, sea ice, snow cover, permafrost, and frozen lakes and rivers. These indicators serve as critical climate proxies, reflecting regional and global climate variability and change. Key cryospheric indicators include:

1. **Glacier Mass Balance** – The net gain or loss of ice mass, which influences sea-level rise and freshwater availability (Climates of the Earth and Cryosphere Evolution, n.d.).
2. **Ice Sheet Extent and Thickness** – Changes in Greenland and Antarctic ice sheets, which significantly impact global sea levels (Climates of the Earth and Cryosphere Evolution, n.d.).
3. **Sea Ice Concentration and Extent** – The area and thickness of Arctic and Antarctic sea ice, affecting albedo and ocean circulation (Climates of the Earth and Cryosphere Evolution, n.d.).
4. **Snow Cover Duration and Extent** – Seasonal snow cover, which modulates surface albedo and regional hydrology (Climates of the Earth and Earth’s Cryosphere Evolution, n.d.).
5. **Permafrost Temperature and Thaw Depth** – Shifts in permafrost stability, which release greenhouse gases (e.g., methane) and alter ecosystems (Climates of the Earth and Cryosphere Evolution, n.d.).
6. **Lake and River Ice Phenology** – Timing of ice formation and melt, indicating regional climate trends (Climates of the Earth and Cryosphere Evolution, n.d.).

### Influence on Earth's Climate
Cryospheric indicators play a critical role in climate regulation through:
- **Albedo Feedback**: Snow and ice reflect solar radiation, cooling the planet. Their retreat reduces albedo, accelerating warming (Climates of the Earth and Cryosphere Evolution, n.d.).
- **Sea-Level Contributions**: Melting glaciers and ice sheets raise global sea levels, altering coastal ecosystems and human infrastructure (Climates of the Earth and Cryosphere Evolution, n.d.).
- **Ocean Circulation**: Changes in sea ice and ice sheet meltwater influence thermohaline circulation, affecting global climate patterns (Climates of the Earth and Cryosphere Evolution, n.d.).
- **Carbon Cycle Interactions**: Thawing permafrost releases stored carbon, amplifying greenhouse gas concentrations (Climates of the Earth and Cryosphere Evolution, n.d.).
- **Hydrological Impacts**: Snowpack and glaciers regulate freshwater supply, influencing agriculture and water resources (Climates of the Earth and Cryosphere Evolution, n.d.).

Earth Observation (EO) data from satellites (e.g., CryoSat-2, ICESat-2, MODIS) and in situ measurements provide essential monitoring of these indicators, enabling climate model validation and policy-informed decision-making (Climates of the Earth and Cryosphere Evolution, n.d.).

### References
- Climates of the Earth and Cryosphere Evolution. (n.d.). *Journal of Paleoclimatology*.
- International Cryospheric Community. (n.d.). *Cryosphere and Climate*.
- Box, J. E., et al. (2019). *Greenland Ice Sheet Climate Disruption and Future Projections*. *Nature Climate Change*.
- Notz, D., & Stroeve, J. (2016). *Observed Arctic Sea-Ice Loss Directly Follows Anthropogenic CO₂ Emission*. *Science*.
- IPCC. (2021). *Climate Change 2021: The Physical Science Basis*. *Contribution of Working Group I to the Sixth Assessment Report of the Intergovernmental Panel on Climate Change*.",-1,-1,-1,-1,-1,-1,"Evaluation failed after 2 attempts - Error code: 429 - {'error': {'message': 'You exceeded your current quota, please check your plan and billing details. For more information on this error, read the docs: https://platform.openai.com/docs/guides/error-codes/api-errors.', 'type': 'insufficient_quota', 'param': None, 'code': 'insufficient_quota'}}. PENDING EVALUATION (-1).",2026-03-13T11:29:27.595680
