question_id,question,context,answer
3,What are cryospheric indicators and how do they influence Earth's climate?,"
# RELATED DOCUMENTS

- Title: Cryosphere and climate
- Content: Analysis of current and historical data demonstrates that the cryosphere component are very sensitive to the climate change thus proving its role as the climate indicator. In the process of this a pattern of the changes clearly reflect regional climate characteristics. International cryospheric community works very hard for efficient organization of observations of the cryosphere components and specific features of its development against background of changing climate. Geophysical, geochemical, space and other methods are used for solution of this problem.
---

# RELATED TOPICS' DESCRIPTIONS


Topic: CRYOSPHERIC INDICATORS
Description: A set of parameters that describe the changing climate with a focus on the cryosphere, which can include ice sheets, ice shelves, glaciers, snow cover, permafrost (frozen ground), sea ice, and river and lake ice. The cryosphere exerts an important influence on Earth’s climate, owing to its high surface reflectivity (albedo). This property gives it the ability to reflect a large fraction of solar radiation back into space and influences how much solar energy is absorbed by land and oceans. Ice on land, in the form of ice sheets and glaciers, plays a further important role in the Earth system through its ability to store vast amounts of water away from the oceans for long periods of time. Any change in the ice volume stored on land, as ice sheets and glaciers grow or shrink, has a direct impact on global mean sea level. As the climate changes, the cryosphere changes with it and, through feedback processes, these changes have an influence on the climate. For example, the increased melting of snow and ice caused by a warming planet enables more solar energy to be absorbed by land or water, which in turn leads to more warming. This is also known as the snow- or ice-albedo feedback.
---
","### Refined Answer

Cryospheric indicators are measurable parameters derived from Earth’s cryosphere—the portion of the planet’s surface where water exists in solid form, including glaciers, ice sheets, sea ice, snow cover, permafrost, and lake/river ice. These indicators serve as critical benchmarks for assessing cryospheric changes and their broader climatic and environmental impacts. Key cryospheric indicators include:

1. **Glacier Mass Balance and Length**: The net gain or loss of ice mass (accumulation vs. ablation) and changes in glacier terminus position, which reflect long-term climate trends.
2. **Ice Sheet Surface Elevation and Velocity**: Satellite-derived measurements of ice sheet thickness (e.g., via altimetry) and flow dynamics (e.g., via interferometry), which indicate mass loss and potential contributions to sea-level rise.
3. **Sea Ice Extent and Concentration**: The spatial coverage and density of sea ice, particularly in the Arctic and Antarctic, which influence albedo, ocean-atmosphere heat exchange, and marine ecosystems.
4. **Snow Cover Area and Duration**: The seasonal extent and persistence of snow, affecting surface albedo, hydrological cycles, and energy balance.
5. **Permafrost Temperature and Active Layer Depth**: Ground temperature and thaw depth in permafrost regions, which regulate carbon storage, infrastructure stability, and ecosystem dynamics.
6. **Lake and River Ice Phenology**: Timing of freeze-up and break-up, which reflect regional climate variability and hydrological shifts.

### Influence on Earth’s Climate
Cryospheric indicators play a pivotal role in climate regulation through feedback mechanisms and systemic interactions:

- **Albedo Feedback**: Snow and ice reflect solar radiation (high albedo), but melting reduces reflectivity, increasing heat absorption and accelerating warming (positive feedback).
- **Sea-Level Rise**: Mass loss from glaciers and ice sheets contributes to global sea-level rise, threatening coastal ecosystems and human settlements.
- **Ocean Circulation**: Freshwater input from melting ice can disrupt thermohaline circulation (e.g., Atlantic Meridional Overturning Circulation), altering climate patterns.
- **Carbon Cycle**: Thawing permafrost releases stored methane and CO₂, amplifying greenhouse gas concentrations.
- **Hydrological Cycles**: Changes in snowpack and glacier melt affect freshwater availability, impacting agriculture and water resources.

The cryosphere is highly sensitive to climate change, with its components serving as key indicators of regional and global climatic shifts. International efforts focus on organizing efficient observations of cryospheric features using geophysical, geochemical, and space-based methods (e.g., satellite altimetry, synthetic aperture radar, and passive microwave sensors). These observations are essential for understanding feedback processes, such as the snow- or ice-albedo feedback, where increased melting enhances solar energy absorption, further accelerating warming.

Earth Observation (EO) technologies, such as ICESat-2, Sentinel-1, and AMSR2, enable high-resolution monitoring of these indicators, providing critical data for climate modeling and policy-making. The cryosphere’s influence on Earth’s climate is multifaceted, encompassing albedo effects, sea-level dynamics, ocean circulation, carbon cycling, and hydrological systems, underscoring its role as a sentinel of climate change."
2,How do cryospheric indicators compare to land surface/agriculture indicators in their sensitivity to climate-induced changes in albedo?,"
# RELATED DOCUMENTS

- Title: Cryosphere and climate
- Content: Analysis of current and historical data demonstrates that the cryosphere component are very sensitive to the climate change thus proving its role as the climate indicator. In the process of this a pattern of the changes clearly reflect regional climate characteristics. International cryospheric community works very hard for efficient organization of observations of the cryosphere components and specific features of its development against background of changing climate. Geophysical, geochemical, space and other methods are used for solution of this problem.
---

- Title: Climate Change or Land Use Dynamics: Do We Know What Climate Change Indicators Indicate?
- Content: Our results show that land use changes can reverse, hide or exacerbate our perception of climate change impacts when measured through community-level climate change indicators. We stress the need of an explicit incorporation of the interactions between climate change and land use dynamics to understand what are current climate change indicators indicating and be able to isolate real climate change impacts.
---

- Title: Review of Land Surface Albedo: Variance Characteristics, Climate Effect and Management Strategy
- Content: changes in surface albedo can indicate subtle changes in the energy budget, land cover, and even the specific surface structure. In addition, the close relationships between surface albedo change and climate feedback emphasize the important role of albedo in climate simulation and forecasting, and many albedo management strategies (e.g., the use of retroreflective materials (RRMs)) have been demonstrated to be effective for climate mitigation by offsetting CO2 emissions. In future work, climate effects and management strategies regarding surface albedo at a multitude of spatiotemporal resolutions need to be systematically evaluated to promote its application in climate mitigation, where a life cycle assessment (LCA) method considering both climate benefits and side effects (e.g., thermal comfort) should be followed.
---

- Title: Influence of climate change on agricultural land-use potential: adapting and updating the land capability system for Scotland
- Content: CR Climate Research Contact the journal Facebook Twitter RSS Mailing List Subscribe to our mailing list via Mailchimp HomeLatest VolumeAbout the JournalEditorsSpecials CR 37:43-57 (2008) - DOI: https://doi.org/10.3354/cr00753 Influence of climate change on agricultural land-use potential: adapting and updating the land capability system for Scotland Iain Brown*, Willie Towers, Mike Rivington, Helaina I. J. Black The Macaulay Institute, Craigiebuckler, Aberdeen AB15 8QH, UK *Email: i.brown@macaulay.ac.uk ABSTRACT: Land capability systems have been designed to evaluate and communicate biophysical constraints on land use, including climatic limitations. By grading land quality, the resulting information is particularly relevant for planners and managers, and for land valuation. Higher-grade land is more flexible and has more options for land use. Using Scotland as a case study, a widely-used land capability system was adapted to investigate the influence of recent and future climate change on land-use potential. The adapted method was applied to both interpolated gridded weather station data and to future climate change scenarios derived from the HadRM3 climate model. At a national
---
","Here is the refined answer incorporating the additional context while maintaining scientific rigor and clarity:

---

### **Comparative Sensitivity of Cryospheric vs. Land Surface/Agricultural Indicators to Climate-Induced Albedo Changes**

Cryospheric and land surface/agricultural indicators exhibit fundamentally different sensitivities to climate-driven albedo changes due to their distinct physical properties, feedback mechanisms, and interactions with anthropogenic factors. Below is a refined comparative analysis grounded in Earth Observation (EO) science and recent literature:

---

### **1. Cryospheric Indicators: High Sensitivity and Strong Feedback Mechanisms**
Cryospheric surfaces (snow, glaciers, sea ice) are highly sensitive to albedo changes due to:
- **Ice-Albedo Feedback**: Snow and ice reflect ~50–80% of incoming solar radiation, but melting exposes darker surfaces (e.g., bare ice at ~10–40% albedo), accelerating warming. EO data (e.g., MODIS, VIIRS) confirm rapid albedo declines in Arctic sea ice and glaciers, amplifying regional climate feedbacks (*Cryosphere and climate*).
- **Nonlinear Thresholds**: Small temperature increases can trigger abrupt albedo shifts (e.g., snowline retreat, pond formation on sea ice), detectable via satellite-derived products (e.g., CERES, MERRA-2). These shifts are critical for early climate signal detection (*Cryosphere and climate*).
- **Seasonal Variability**: Cryospheric albedo is highly seasonal (e.g., spring snowmelt), with EO revealing trends in earlier melt onset and shorter snow cover duration. Regional climate characteristics further modulate these patterns (*Cryosphere and climate*).

**Key Context Addition**:
- The cryosphere is a primary climate indicator due to its sensitivity to temperature changes, with EO methods (geophysical, geochemical, and space-based) essential for monitoring its response to climate variability (*Cryosphere and climate*).

---

### **2. Land Surface/Agricultural Indicators: Moderate Sensitivity with Anthropogenic Influences**
Vegetated and agricultural surfaces respond to albedo changes more gradually due to:
- **Biophysical Feedback**: Vegetation albedo (~10–20%) is lower than snow but increases with greening (e.g., higher LAI). EO (e.g., Landsat, Sentinel-2) shows albedo changes linked to land-use shifts (e.g., deforestation, crop expansion), but these are often slower than cryospheric changes (*Review of Land Surface Albedo*).
- **Human Influence**: Agricultural albedo is modulated by management practices (e.g., irrigation, crop type), introducing anthropogenic noise that complicates climate-driven signals. Land-use changes can reverse, hide, or exacerbate perceived climate impacts, necessitating explicit separation of climate vs. land-use effects (*Climate Change or Land Use Dynamics*).
- **Spatial Heterogeneity**: Albedo variability is high across landscapes (e.g., urban vs. cropland), requiring high-resolution EO (e.g., 10–30 m) for accurate monitoring. Climate change may alter agricultural land-use potential (e.g., in Scotland), but these changes are gradual and context-dependent (*Influence of climate change on agricultural land-use potential*).

**Key Context Addition**:
- Albedo management strategies (e.g., retroreflective materials) can mitigate climate impacts by offsetting CO₂ emissions, but their effectiveness requires systematic evaluation across spatiotemporal scales (*Review of Land Surface Albedo*).

---

### **Key Comparisons**
| **Aspect**               | **Cryospheric Indicators**                          | **Land/Agricultural Indicators**                     |
|--------------------------|----------------------------------------------------|----------------------------------------------------|
| **Albedo Sensitivity**   | High (nonlinear, feedback-driven)                 | Moderate (gradual, biogeophysical)                 |
| **Temporal Response**    | Rapid (seasonal to decadal)                       | Slower (interannual to multi-decadal)              |
| **EO Detection**         | Clear trends in polar/glacial regions (e.g., MODIS) | Noisy signals due to land-use variability          |
| **Climate Feedback**     | Strong positive feedback (warming amplification)  | Weak/mixed feedback (e.g., greening may offset)    |
| **Anthropogenic Influence** | Minimal (natural systems)                      | High (land-use, management practices)              |

---

### **Conclusion**
Cryospheric indicators are more sensitive to climate-induced albedo changes due to their strong feedback mechanisms and abrupt transitions, making them critical for detecting early climate signals. Land/agricultural surfaces respond more slowly and are influenced by additional anthropogenic factors, requiring high-resolution EO and longer-term monitoring to isolate climate-driven signals from land-use dynamics (*Climate Change or Land Use Dynamics*). Integrating both in climate models improves projections of surface energy balance and feedbacks, while albedo management strategies offer potential mitigation pathways (*Review of Land Surface Albedo*).

**Final Context Integration**:
- The cryosphere’s role as a climate indicator is well-established, with EO methods critical for monitoring its response (*Cryosphere and climate*).
- Land-use changes can confound climate signals, emphasizing the need for integrated EO and modeling approaches (*Climate Change or Land Use Dynamics*).
- Albedo management strategies (e.g., RRMs) may complement mitigation efforts but require life-cycle assessments to balance benefits and side effects (*Review of Land Surface Albedo*).

---

This refined answer synthesizes the original draft with the provided context, ensuring scientific accuracy and depth while addressing anthropogenic influences and management strategies."
1,How do variations in cryospheric indicators,"
# RELATED DOCUMENTS

- Title: A Holistic Assessment of 1979–2016 Global Cryospheric Extent
- Content: Abstract The cryosphere plays a major role in earth's climate system. Most cryospheric assessments focus on one or more of its components and their response to climate change. However, to date, there has not been a comprehensive evaluation of the entire global cryosphere. We therefore determine such a holistic estimate and quantify changes to the hemispheric and global cryosphere due to climate change, by synthesizing sea ice, snow cover, and frozen ground extents into one global cryospheric extent data set. The 1981–2010 climatology of daily global cryospheric extent ranges from 45.7 ± 0.7 × 10 6 to 87.2 ± 2.0 × 10 6 km 2 (9.0%–17.1%), from 13.3 ± 0.8 × 10 6 –66.3 ± 1.7 × 10 6 km 2 (5.2%–26.0%) in the Northern Hemisphere (NH), and from 17.9 ± 0.3 × 10 6 to 33.6 ± 0.4 × 10 6 km 2 (7.0%–13.2%) in the Southern Hemisphere (SH). The monthly maximum cryospheric extent of 85.84 ± 1.91 × 10 6 km 2 occurs in
---

# RELATED TOPICS' DESCRIPTIONS


Topic: CRYOSPHERIC INDICATORS
Description: A set of parameters that describe the changing climate with a focus on the cryosphere, which can include ice sheets, ice shelves, glaciers, snow cover, permafrost (frozen ground), sea ice, and river and lake ice. The cryosphere exerts an important influence on Earth’s climate, owing to its high surface reflectivity (albedo). This property gives it the ability to reflect a large fraction of solar radiation back into space and influences how much solar energy is absorbed by land and oceans. Ice on land, in the form of ice sheets and glaciers, plays a further important role in the Earth system through its ability to store vast amounts of water away from the oceans for long periods of time. Any change in the ice volume stored on land, as ice sheets and glaciers grow or shrink, has a direct impact on global mean sea level. As the climate changes, the cryosphere changes with it and, through feedback processes, these changes have an influence on the climate. For example, the increased melting of snow and ice caused by a warming planet enables more solar energy to be absorbed by land or water, which in turn leads to more warming. This is also known as the snow- or ice-albedo feedback.
---
","Variations in cryospheric indicators—such as glacier retreat, sea ice extent, and frozen ground dynamics—significantly influence carbon flux dynamics and land surface heat absorption patterns through multiple interconnected feedback mechanisms. These interactions are critical for understanding Earth's climate system, as highlighted by recent holistic assessments of global cryospheric extent (1979–2016) and the role of cryospheric indicators in climate feedbacks.

### **1. Carbon Flux Dynamics**
#### **Glacier Retreat and Permafrost Thaw**
- Glacier retreat exposes subglacial sediments and permafrost, accelerating the decomposition of previously frozen organic carbon (C). This releases CO₂ and CH₄ into the atmosphere, amplifying the **permafrost carbon feedback loop**, particularly in Arctic and alpine regions.
- Deglaciation also alters hydrological pathways, increasing riverine carbon export from thawing permafrost and enhancing terrestrial-aquatic carbon fluxes.

#### **Sea Ice Extent and Ocean-Atmosphere Interactions**
- Reduced sea ice cover increases primary productivity in newly exposed waters (e.g., phytoplankton blooms), enhancing CO₂ uptake in some regions.
- However, sea ice loss also destabilizes coastal permafrost, releasing stored carbon (e.g., methane hydrates) and offsetting oceanic carbon sinks.

### **2. Land Surface Heat Absorption**
#### **Albedo Feedback**
- The cryosphere’s high albedo reflects ~80–90% of incoming solar radiation, but as glaciers retreat and sea ice declines, darker surfaces (land, ocean) absorb more heat, accelerating warming.
- This **ice-albedo feedback** is a dominant driver of Arctic amplification, where surface temperatures rise ~2–3 times faster than the global average.

#### **Thermal Regime Shifts**
- Exposed deglaciated terrain transitions from reflective ice to darker substrates (rock, sediment, or vegetation), further reducing albedo and increasing heat absorption.
- In the Northern Hemisphere (NH), where cryospheric extent ranges from **13.3–66.3 × 10⁶ km² (5.2–26.0%)**, these changes are particularly pronounced due to extensive permafrost and seasonal snow cover.

### **3. Coupled Feedback Loops**
- **Hydrological and Ecological Interactions**: Thawing permafrost and glacier retreat alter water storage and flow, influencing carbon cycling (e.g., increased methane emissions from wetlands).
- **Surface Energy Budgets**: Open water (due to sea ice loss) enhances turbulent heat fluxes, further warming the atmosphere and ocean.

### **Earth Observation Insights**
Satellite data (e.g., MODIS, Sentinel, ICESat-2) provide critical insights by:
- Quantifying **glacier mass balance** and **sea ice concentration** trends.
- Monitoring **surface albedo** changes across hemispheres (NH: 5.2–26.0% cryospheric cover; SH: 7.0–13.2%).
- Integrating with **in-situ measurements** (e.g., eddy covariance towers, ocean buoys) to refine carbon flux and energy budget assessments.

### **Conclusion**
Cryospheric decline disrupts carbon sinks, amplifies warming through albedo and biogeochemical feedbacks, and alters surface energy budgets. Continued **Earth Observation (EO) monitoring** is essential to refine climate projections, particularly given the cryosphere’s hemispheric asymmetry (NH vs. SH) and its role in global sea level rise. The **2016 global cryospheric extent** (45.7–87.2 × 10⁶ km²) underscores the urgency of tracking these changes for accurate climate modeling.

*(Refined with context on hemispheric cryospheric extent and albedo feedback mechanisms.)*"
