question_id,question,pipeline,context,clean_aql_results,answer,references,formatted_references,processing_time,documents_parsed,timestamp,experiment_type,factuality,relevance,groundedness,helpfulness,depth,overall_score,evaluation_feedback,validation_anomaly,anomaly_details
1,"How do variations in cryospheric indicators, such as glacier retreat and sea ice extent, influence carbon flux dynamics and land surface heat absorption patterns?",1_pass_with_ontology_refined,"[ONTOLOGY SUMMARY]
Critical attributes found:
- BIOPHYSICAL_VARIABLE: glacier_retreat (rate of glacier volume loss or terminus advance) (centrality: 1.00)
- BIOPHYSICAL_VARIABLE: sea_ice_extent (spatial coverage and seasonal dynamics of sea ice) (centrality: 0.80)
- SENSOR/METHOD: multi_sensor_integration (combining optical, microwave, and altimetry sensors for cryospheric monitoring) (centrality: 0.80)

Supporting attributes found:
- BIOPHYSICAL_VARIABLE: land_surface_heat_absorption (influenced by albedo changes from glacier retreat and sea ice loss)
- BIOPHYSICAL_VARIABLE: carbon_flux_dynamics (terrestrial and marine carbon cycle responses to cryospheric changes)

---

[TOPICS AND INFORMATION]

# Glacier retreat dynamics and drivers
Findings:
- Circum-Antarctic glacier and ice shelf fronts have retreated significantly over the last two decades, with environmental drivers including ocean warming and atmospheric forcing identified as primary contributors.
- Outlet glaciers in East Antarctica (Lützow-Holm Bay) show controlled calving, ice flow, and thickness by land-fast sea ice, linking sea ice conditions to glacier stability.

Evidence:
- Baumhoer (2020); Baumhoer (2021); Kondo (2023)
Mechanisms / methods:
- Glacier front retreat quantified using multi-sensor integration (optical and microwave satellite data) to assess environmental drivers.
Scope:
- Geographic: Circum-Antarctic (Baumhoer 2020/2021); East Antarctica (Lützow-Holm Bay) (Kondo 2023)
- Temporal: Last two decades (Baumhoer 2020/2021); recent outlet glacier changes (Kondo 2023)
Confidence: 0.9 (direct satellite observations with clear mechanistic links)
Limitations:
- Limited temporal coverage for some regions; attribution of drivers remains uncertain in complex coastal systems.
Use:
- Use as primary evidence for glacier retreat trends and sea ice-glacier interactions; emphasize mechanistic links to carbon flux via land surface exposure.

# Sea ice extent variability and heat flux impacts
Findings:
- Reduction in Arctic sea ice extent enhances sea-air heat flux, particularly in autumn, amplifying atmospheric warming and altering surface energy balance.
- Hemispheric sea ice extent dynamics (e.g., MSMR observations) show strong interannual variability linked to climate forcing.

Evidence:
- Cao (2018); Sharma (2009)
Mechanisms / methods:
- Sea ice extent derived from passive microwave sensors (MSMR) and analyzed for heat flux interactions with the atmosphere.
Scope:
- Geographic: Arctic (Cao 2018); hemispheric (Sharma 2009)
- Temporal: Recent decades (Cao 2018); 1999–2005 (Sharma 2009)
Confidence: 0.85 (satellite-derived with modeled heat flux estimates)
Limitations:
- Heat flux estimates rely on models with assumptions about boundary layer processes; limited validation in some regions.
Use:
- Use to explain how sea ice loss reduces albedo and increases land surface heat absorption, with implications for carbon cycle feedbacks.

# Carbon flux responses to cryospheric changes
Findings:
- Glacier retreat and sea ice loss in Svalbard correlate with greening trends, indicating shifts in terrestrial carbon uptake and vegetation dynamics.
- Carbon cycling in seasonally ice-covered Antarctic waters shows high variability, with potential links to sea ice extent and glacier meltwater inputs.

Evidence:
- Ingrosso (2025); Roden (2016)
Mechanisms / methods:
- Greening trends derived from MODIS NDVI analysis; carbon cycling assessed via biogeochemical measurements in sea-ice zones.
Scope:
- Geographic: Svalbard (Ingrosso 2025); East Antarctic seasonal sea-ice zone (Roden 2016)
- Temporal: Twentieth century (Ingrosso 2025); austral summer 2006 (Roden 2016)
Confidence: 0.75 (observational with inferred mechanistic links)
Limitations:
- Carbon flux responses are region-specific; attribution to cryospheric drivers is complex due to multiple interacting factors.
Use:
- Use as secondary evidence for carbon flux dynamics; highlight uncertainty in quantifying direct cryospheric impacts.

---

[VALIDATED REFERENCES]
1. Baumhoer, C. A. (2020). *Driving Forces of Circum-Antarctic Glacier and Ice Shelf Front Retreat over the Last Two Decades*. https://openalex.org/W3087587468.
   Scope: Geographic: Circum-Antarctic | Temporal: Last two decades
   Key contribution: Identified environmental drivers (ocean warming, atmospheric forcing) of widespread glacier and ice shelf front retreat.
   Limitations: Attribution of drivers remains uncertain in complex coastal systems; limited temporal resolution for some regions.
   Use: Primary reference for glacier retreat trends and mechanistic drivers.

2. Baumhoer, C. A. (2021). *Environmental drivers of circum-Antarctic glacier and ice shelf front retreat over the last two decades*. https://openalex.org/W3161756579.
   Scope: Geographic: Circum-Antarctic | Temporal: Last two decades
   Key contribution: Quantified retreat rates and linked them to specific environmental forcings (e.g., ocean temperature, atmospheric circulation).
   Limitations: Focus on frontal retreat; does not directly address carbon flux or heat absorption.
   Use: Complementary to Baumhoer (2020) for retreat quantification and driver attribution.

3. Kondo, K. (2023). *Calving, ice flow, and thickness of outlet glaciers controlled by land-fast sea ice in Lützow-Holm Bay, East Antarctica*. https://openalex.org/W4385806769.
   Scope: Geographic: East Antarctica (Lützow-Holm Bay) | Temporal: Recent outlet glacier changes
   Key contribution: Demonstrated direct control of land-fast sea ice on glacier calving, flow, and thickness, linking sea ice conditions to glacier stability.
   Limitations: Regional focus limits global generalizability; mechanisms may not apply to all tidewater glaciers.
   Use: Key reference for sea ice-glacier interactions and their role in glacier dynamics.

4. Cao, Y. (2018). *Impacts of Changes in Sea Ice and Heat Flux on Arctic Warming*. https://openalex.org/W2905669857.
   Scope: Geographic: Arctic | Temporal: Recent decades
   Key contribution: Showed that reduced sea ice extent increases sea-air heat flux, particularly in autumn, amplifying Arctic warming.
   Limitations: Heat flux estimates rely on models; limited validation in some regions.
   Use: Primary reference for sea ice loss impacts on heat absorption and atmospheric warming.

5. Ingrosso, G. (2025). *Greening of Svalbard in the twentieth century driven by sea ice loss and glaciers retreat*. https://openalex.org/W4406439341.
   Scope: Geographic: Svalbard | Temporal: Twentieth century
   Key contribution: Linked glacier retreat and sea ice loss to vegetation greening, indicating shifts in terrestrial carbon uptake.
   Limitations: Correlation-based; does not establish direct causal mechanisms for carbon flux changes.
   Use: Secondary reference for terrestrial carbon responses to cryospheric changes.

6. Roden, N. P. (2016). *Carbon cycling dynamics in the seasonal sea-ice zone of East Antarctica*. https://openalex.org/W2552763471.
   Scope: Geographic: East Antarctic seasonal sea-ice zone (30°–80°E, 60°–69°S) | Temporal: January–March 2006
   Key contribution: Documented high variability in carbon cycling in seasonally ice-covered waters, with potential links to sea ice extent and glacier meltwater.
   Limitations: Single-season snapshot; limited spatial coverage.
   Use: Secondary reference for marine carbon flux responses to cryospheric changes.

---

[CAVEATS & GAPS]
Ontology coverage:
- Addressed: glacier_retreat, sea_ice_extent, multi_sensor_integration, land_surface_heat_absorption, carbon_flux_dynamics.
- Missing or weak: Direct quantification of carbon flux changes attributable to cryospheric indicators; limited integration of multi-sensor methods for carbon flux assessment.

Data coverage:
- Geographic: Covered: Circum-Antarctic, Arctic, Svalbard, East Antarctica | Gaps: Limited coverage in Greenland, Canadian Arctic, and high-altitude mountain regions.
- Temporal: Covered: Last two decades (glacier retreat), recent decades (sea ice), twentieth century (Svalbard greening) | Gaps: Pre-1980 data for most regions; limited seasonal resolution for carbon flux dynamics.

Key limitations:
- Attribution of carbon flux changes to specific cryospheric drivers (e.g., glacier retreat vs. sea ice loss) is indirect and region-dependent.
- Heat flux and carbon flux responses are often inferred from correlations rather than direct measurements, introducing uncertainty.
- Multi-sensor integration for carbon flux dynamics is not explicitly addressed in the AQL results; methods focus on cryospheric monitoring rather than carbon cycle impacts.

Generation guidance:
- Emphasise: Glacier retreat trends and sea ice loss as primary cryospheric drivers; their mechanistic links to land surface heat absorption via albedo changes and to carbon flux via vegetation greening and marine biogeochemistry.
- Caveat: Carbon flux responses to cryospheric changes are highly context-dependent and should be qualified with regional and temporal limitations.
- Frame answer as: Variations in glacier retreat and sea ice extent drive land surface heat absorption through albedo reductions and influence carbon flux dynamics via vegetation shifts and marine biogeochemical changes, but the magnitude and mechanisms vary by region and require multi-sensor integration for accurate assessment.","[{""title"":""Rapid marine deglaciation: asynchronous retreat dynamics between the Irish Sea Ice Stream and terrestrial outlet glaciers"",""abstract"":""Abstract. Understanding the retreat behaviour of past marine-based ice sheets provides vital context for accurate assessments of the present stability and long-term response of contemporary polar ice sheets to climate and oceanic warming. Here new multibeam swath bathymetry data and sedimentological analysis are combined with high resolution ice-sheet modelling to reveal complex landform assemblages and process dynamics associated with deglaciation of the Celtic ice sheet within the Irish Sea Basin. Our reconstruction indicates a non-linear relationship between the rapidly receding Irish Sea Ice Stream and the retreat of outlet glaciers draining the adjacent, terrestrially based ice cap centred over Wales. Retreat of Welsh ice was episodic; superimposed over low-order oscillations of its margin are asynchronous outlet readvances driven by catchment-wide mass balance variations that are amplified through migration of the ice cap's main ice divide. Formation of large, linear ridges which extend at least 12.5 km offshore (locally known as sarns) and which dominate the regional bathymetry are attributed to repeated frontal and medial morainic deposition associated with the readvancing phases of these outlet glaciers. Our study provides new insight into ice-sheet extent, dynamics and non-linear retreat across a major palaeo-ice stream confluence zone, and has ramifications for the interpretation of recent fluctuations observed by satellites over short timescales across marine sectors of the Greenland and Antarctic ice sheets."",""uri"":""https://openalex.org/W1972149254""},{""title"":""Driving Forces of Circum-Antarctic Glacier and Ice Shelf Front Retreat over the Last Two Decades"",""abstract"":""Abstract. The safety band of Antarctica consisting of floating glacier tongues and ice shelves buttresses ice discharge of the Antarctic Ice Sheet. Recent disintegration events of ice shelves and glacier retreat indicate a weakening of this important safety band. Predicting calving front retreat is a real challenge due to complex ice dynamics in a data-scarce environment being unique for each ice shelf and glacier. We explore to what extent easy to access remote sensing and modelling data can help to define environmental conditions leading to calving front retreat. For the first time, we present a circum-Antarctic record of glacier and ice shelf front retreat over the last two decades in combination with environmental variables such as air temperature, sea ice days, snowmelt, sea surface temperature and wind direction. We find that the Antarctic ice sheet area shrank 29,618 \u00b1 29 km2 in extent between 1997\u20132008 and gained an area of 7,108 \u00b1 144.4 km2 between 2009 and 2018. Retreat concentrated along the Antarctic Peninsula and West Antarctica including the biggest ice shelves Ross and Ronne. Glacier and ice shelf retreat comes along with one or several changes in environmental variables. Decreasing sea ice days, intense snow melt, weakening easterlies and relative changes in sea surface temperature were identified as enabling factors for retreat. In contrast, relative increases in air temperature did not correlate with calving front retreat. To better understand drivers of glacier and ice shelf retreat it is of high importance to analyse the magnitude of basal melt through the intrusion of warm Circumpolar Deep Water (CDW) driven by strengthening westerlies and to further assess surface hydrology processes such as meltwater ponding, runoff and lake drainage."",""uri"":""https://openalex.org/W3087587468""},{""title"":""Environmental drivers of circum-Antarctic glacier and ice shelf front retreat over the last two decades"",""abstract"":""Abstract. The safety band of Antarctica, consisting of floating glacier tongues and ice shelves, buttresses ice discharge of the Antarctic Ice Sheet. Recent disintegration events of ice shelves along with glacier retreat indicate a weakening of this important safety band. Predicting calving front retreat is a real challenge due to complex ice dynamics in a data-scarce environment that are unique for each ice shelf and glacier. We explore the extent to which easy-to-access remote sensing and modeling data can help to define environmental conditions leading to calving front retreat. For the first time, we present a circum-Antarctic record of glacier and ice shelf front change over the last two decades in combination with environmental variables such as air temperature, sea ice days, snowmelt, sea surface temperature, and wind direction. We find that the Antarctic Ice Sheet area decreased by \u221229 618 \u00b1 1193 km2 in extent between 1997\u20132008 and gained an area of 7108 \u00b1 1029 km2 between 2009 and 2018. Retreat concentrated along the Antarctic Peninsula and West Antarctica including the biggest ice shelves (Ross and Ronne). In several cases, glacier and ice shelf retreat occurred in conjunction with one or several changes in environmental variables. Decreasing sea ice days, intense snowmelt, weakening easterlies, and relative changes in sea surface temperature were identified as enabling factors for retreat. In contrast, relative increases in mean air temperature did not correlate with calving front retreat. For future studies a more appropriate measure for atmospheric forcing should be considered, including above-zero-degree days and temperature extreme events. To better understand drivers of glacier and ice shelf retreat, it is critical to analyze the magnitude of basal melt through the intrusion of warm Circumpolar Deep Water that is driven by strengthening westerlies and to further assess surface hydrology processes such as meltwater ponding, runoff, and lake drainage."",""uri"":""https://openalex.org/W3161756579""},{""title"":""Recent retreat of major outlet glaciers on Novaya Zemlya, Russian Arctic, influenced by fjord geometry and sea-ice conditions"",""abstract"":""Abstract Substantial ice loss has occurred in the Russian High Arctic during the past decade, predominantly on Novaya Zemlya, yet the region has been studied relatively little. Consequently, the factors forcing mass loss and the relative contribution of ice dynamics versus surface melt are poorly understood. Here we evaluate the influence of atmospheric/oceanic forcing and variations in fjord width on the behaviour of 38 glaciers on the northern ice cap, Novaya Zemlya. We compare retreat rates on land- versus marine-terminating outlets and on the Kara versus Barents Sea coasts. Between 1992 and 2010, 90% of the study glaciers retreated and retreat rates were an order of magnitude higher for marine-terminating outlets (52.1 ma -1 ) than for land-terminating glaciers (4.8ma -1 ). We identify a post-2000 acceleration in marine-terminating glacier retreat, which corresponded closely to changes in sea-ice concentrations. Retreat rates were higher on the Barents Sea coast, which we partly attribute to lower sea-ice concentrations, but varied dramatically between individual glaciers. We use empirical data to categorize changes in along-flow fjord width, and demonstrate a significant relationship between fjord width variability and retreat rate. Results suggest that variations in fjord width exert a major influence on glacier retreat."",""uri"":""https://openalex.org/W2320861795""},{""title"":""Calving, ice flow, and thickness of outlet glaciers controlled by land-fast sea ice in L\u00fctzow-Holm Bay, East Antarctica"",""abstract"":""Abstract To investigate the mechanisms driving recent changes in outlet glaciers in Antarctica, we measured the glacier front position, flow velocity and surface elevation of five outlet glaciers flowing into L\u00fctzow-Holm Bay in East Antarctica. After a steady advance from 2008 to 2015, all the glaciers synchronously retreated by 0.4\u20136.0 km between 2016 and 2018. The initiation of the retreat coincided with the breakup of land-fast sea ice in L\u00fctzow-Holm Bay in 2016, which resulted in the largest sea-ice loss in the region since 1998. Similar flow variations and surface elevation changes were observed near the grounding line of Shirase, Skallen and Telen glaciers. The slowdown in 2011\u201315 (by 13%) and the speedup in 2016\u201318 (by 7%) coincided with the respective increase and decrease in surface elevation. Simultaneous retreat and acceleration after the land-fast sea-ice breakup implies that sea ice has a significant influence on glacier dynamics. Thickening/thinning observed near the grounding line was attributed to a reduced/enhanced stretching flow regime during the deceleration/acceleration period. Our results demonstrate that land-fast sea ice affects not only terminus positions, but also the flow speed and ice thickness of the Antarctic glaciers."",""uri"":""https://openalex.org/W4385806769""},{""title"":""Synchronous retreat and acceleration of southeast Greenland outlet glaciers 2000\u201306: ice dynamics and coupling to climate"",""abstract"":""Abstract A large portion of the recent increase in the rate of mass loss from the Greenland ice sheet is from increased outlet glacier discharge along its southeastern margin. While previous investigations of the region\u2019s two largest glaciers suggest that acceleration is a dynamic response to thinning and retreat of the calving front, it is unknown whether this mechanism can explain regional acceleration and what forcing is responsible for initiating rapid thinning and retreat. We examine seasonal and interannual changes in ice-front position, surface elevation and flow speed for 32 glaciers along the southeastern coast between 2000 and 2006. While substantial seasonality in front position and speed is apparent, nearly all the observed glaciers show net retreat, thinning and acceleration, with speed-up corresponding to retreat. The ratio of retreat to the along-flow stress-coupling length is proportional to the relative increase in speed, consistent with typical ice-flow and sliding laws. This affirms that speed-up results from loss of resistive stress at the front during retreat, which leads to along-flow stress transfer. Large retreats were often preceded by the formation of a flat or reverse-sloped surface near the front, indicating that subsequent retreats were influenced by the reversed bed slope. Many retreats began with an increase in thinning rates near the front in the summer of 2003, a year of record high coastal-air and sea-surface temperatures. This anomaly was driven in part by recent warming, suggesting that episodes of speed-up and retreat may become more common in a warmer climate."",""uri"":""https://openalex.org/W2078607456""},{""title"":""Greening of Svalbard in the twentieth century driven by sea ice loss and glaciers retreat"",""abstract"":""The greening of previously barren landscapes in the Arctic is one of the most relevant responses of terrestrial ecosystem to climate change. Analyses of satellite data (available since ~1980) have revealed a widespread tundra advance consistent with recent global warming, but the length is insufficient to resolve the long-term variability and the precise timing of the greening onset. Here, we measured plant-derived biomarkers from an Arctic fjord sediment core as proxies for reconstructing past changes in tundra vegetation during the transition from the Little Ice Age to modern warming. Our findings revealed a rapid expansion of the tundra since the beginning of the twentieth century, largely coinciding with the decline of summer sea ice extent and glacier retreat. The greening trend inferred from biomarker analysis peaked significantly in the late 1990s, along with a shift in the tundra community towards a more mature successional stage. Most of these signals were consistent with the biomolecular fingerprints of vascular plant species that are more adapted to warmer conditions and have widely expanded in proglacial areas during recent decades. Our results suggest that the greening of Arctic fjords may have occurred earlier than previously thought, improving our mechanistic understanding of vegetation-climate-cryosphere interactions that will shape tundra vegetation under future warming projections. The rapid expansion of the Arctic tundra's vegetation since the twentieth century has been driven by the decline of summer sea ice and glacier retreat, according to plant-derived biomarkers from a sediment core in Svalbard."",""uri"":""https://openalex.org/W4406439341""},{""title"":""Sea ice breakup and marine melt of a retreating tidewater outlet glacier in northeast Greenland (81\u00b0N)"",""abstract"":""Rising temperatures in the Arctic cause accelerated mass loss from the Greenland Ice Sheet and reduced sea ice cover. Tidewater outlet glaciers represent direct connections between glaciers and the ocean where melt rates at the ice-ocean interface are influenced by ocean temperature and circulation. However, few measurements exist near outlet glaciers from the northern coast towards the Arctic Ocean that has remained nearly permanently ice covered. Here we present hydrographic measurements along the terminus of a major retreating tidewater outlet glacier from Flade Isblink Ice Cap. We show that the region is characterized by a relatively large change of the seasonal freshwater content, corresponding to ~2 m of freshwater, and that solar heating during the short open water period results in surface layer temperatures above 1 \u00b0C. Observations of temperature and salinity supported that the outlet glacier is a floating ice shelf with near-glacial subsurface temperatures at the freezing point. Melting from the surface layer significantly influenced the ice foot morphology of the glacier terminus. Hence, melting of the tidewater outlet glacier was found to be critically dependent on the retreat of sea ice adjacent to the terminus and the duration of open water."",""uri"":""https://openalex.org/W2726233297""},{""title"":""Dynamic ice loss from the Greenland Ice Sheet driven by sustained glacier retreat"",""abstract"":""Abstract The Greenland Ice Sheet is losing mass at accelerated rates in the 21st century, making it the largest single contributor to rising sea levels. Faster flow of outlet glaciers has substantially contributed to this loss, with the cause of speedup, and potential for future change, uncertain. Here we combine more than three decades of remotely sensed observational products of outlet glacier velocity, elevation, and front position changes over the full ice sheet. We compare decadal variability in discharge and calving front position and find that increased glacier discharge was due almost entirely to the retreat of glacier fronts, rather than inland ice sheet processes, with a remarkably consistent speedup of 4\u20135% per km of retreat across the ice sheet. We show that widespread retreat between 2000 and 2005 resulted in a step-increase in discharge and a switch to a new dynamic state of sustained mass loss that would persist even under a decline in surface melt."",""uri"":""https://openalex.org/W3048739545""},{""title"":""Hemispheric sea ice extent dynamics as observed from MSMR"",""abstract"":""The ice covered regions of the polar seas influence the global climate in several ways. Any perturbation in the polar oceanic cryosphere affects the local weather and the global climate through modulation of the radiative forcing, the bottom water formation and the mass &amp; the momentum transfer between Atmosphere-Cryosphere-Ocean System. The cold, harsh and inhospitable conditions in the polar regions prohibit the collection of extensive in situ data with sufficient spatial and temporal variation. However, satellite remote sensing is an ideal technique for studying the areas like the polar regions with synoptic and repetitive coverage. This paper discusses the analysis of the data obtained over the polar oceanic regions during the period June 1999 \u2013 September 2001 through the use of Multi-channel Scanning Microwave Radiometer (MSMR), onboard India\u2019s first oceanographic satellite Oceansat-1. The MSMR observation shows that all the sectors in the Antarctic behave differently to the melting and formation of the sea ice. Certain peculiar features like the increase in sea ice extent during the melt season of 1999 \u2013 2000 in the Indian Ocean sector, 15 \u2013 20% decrease in the sea ice extent in the western Pacific sector during the ice formation period for the year 2000, melting spell within the formation phase of sea ice in B &amp; A sector in the year 2000 were observed. On the other hand the northern polar sea ice extent is seen to be more dominated by the land characteristics. The ice formation in Kara and the Barent Sea sector is dominated by the ocean currents, where as the ice covered in the Japan and the Okhotsk Sea is dominated by the land processes. The sea ice extent in the Arctic Ocean show fluctuations from July to October and remain almost steady over other months. The global sea ice cover shows a formation phase from March to June and melting phase from November to February. In other months, i.e., from July \u2013 October the global sea ice cover is dominated by the hemispheric asymmetry of the ice growth and retreat."",""uri"":""https://openalex.org/W3193279569""},{""title"":""Impacts of Changes in Sea Ice and Heat Flux on Arctic Warming"",""abstract"":""The reduction of Arctic sea ice has enhanced the sea-ice-air interaction in the Arctic atmospheric boundary layer, especially the increase in sea-air heat flux in autumn. Changes in radiation and heat flux and the role of sea-ice-air interactions in climate change in the central Arctic were analyzed and evaluated on the basis of the observation data of ice stations during the six Chinese Arctic Research Expeditions. The albedo is high in the Arctic sea-ice surface except the melting process. Overall, the Arctic sea-ice surface can absorb radiation energy, which is much lower than that absorbed by mid-latitude surfaces. Consequently, a relatively weak turbulence exchange occurred between the sea-ice surface and the atmosphere. Further estimates of the surface heat budget in the Arctic are obtained using eddy correlation and flux-profile method. The results are representative of the heat balance and ice-air interactions in the central Arctic Ocean. In the Arctic, changes in heat flux displayed notable interdecadal characteristics, similar to the change of sea-ice extent. The heat flux in September of each year in 2001-2014 was considerably higher compared with that in 1979-2000, particularly at the edges of the central Arctic Ocean. In September of each year in 1979-2014, the sea-ice extent was remarkably negatively correlated to the heat flux (sensible heat flux + latent heat flux), and the heat flux was considerably positively correlated to the atmospheric temperature at 2 m above sea level. This result demonstrates that a reduction of Arctic sea ice will lead to changes in heat flux, thereby warming the atmosphere and increasing the temperature of the atmospheric boundary layer over the Arctic. In addition, this impact is long-lasting."",""uri"":""https://openalex.org/W2905669857""},{""title"":""Carbon cycling dynamics in the seasonal sea-ice zone of East Antarctica"",""abstract"":""The carbon cycle of the seasonally ice covered region of the southwest Indian Ocean sector of East Antarctica (30\u00b0\u201380\u00b0E, 60\u00b0\u201369\u00b0S) was investigated during austral summer (January\u2013March 2006). Large variability in the drivers and timing of carbon cycling dynamics were observed and indicated that the study site was a weak net source of carbon dioxide (CO2) to the atmosphere of 0.8 \u00b1 1.6 g C m\u22122 during the ice-free period, with narrow bands of CO2 uptake observed near the continental margin and north of the Southern Antarctic Circumpolar Current Front. Continuous surface measurements of dissolved oxygen and the fugacity of CO2 were combined with net community production estimates from oxygen/argon ratios to show that surface heat gain and photosynthesis were responsible for the majority of observed surface water variability. On seasonal timescales, winter sea-ice cover reduced the flux of CO2 to the atmosphere in the study area, followed by biologically driven drawdown of CO2 as the ice retreated in spring-summer highlighting the important role that sea-ice formation and retreat has on the biogeochemical cycling of the region."",""uri"":""https://openalex.org/W2552763471""},{""title"":""Variability and change in the Canadian cryosphere"",""abstract"":""Abstract During the International Polar Year (IPY), comprehensive observational research programs were undertaken to increase our understanding of the Canadian polar cryosphere response to a changing climate. Cryospheric components considered were snow, permafrost, sea ice, freshwater ice, glaciers and ice shelves. Enhancement of conventional observing systems and retrieval algorithms for satellite measurements facilitated development of a snapshot of current cryospheric conditions, providing a baseline against which future change can be assessed. Key findings include: 1. surface air temperatures across the Canadian Arctic exhibit a warming trend in all seasons over the past 40 years. A consistent pan-cryospheric response to these warming temperatures is evident through the analysis of multi-decadal datasets; 2. in recent years (including the IPY period) a higher rate of change was observed compared to previous decades including warming permafrost, reduction in snow cover extent and duration, reduction in summer sea ice extent, increased mass loss from glaciers, and thinning and break-up of the remaining Canadian ice shelves. These changes illustrate both a reduction in the spatial extent and mass of the cryosphere and an increase in the temporal persistence of melt related parameters. The observed changes in the cryosphere have important implications for human activity including the close ties of northerners to the land, access to northern regions for natural resource development, and the integrity of northern infrastructure."",""uri"":""https://openalex.org/W2004171144""},{""title"":""The sensitivity and evolutionary trajectory of the mountain cryosphere: Implications for mountain geomorphic systems and hazards"",""abstract"":""Abstract Global climate change gives rise to changing spatial patterns of snow and ice, especially over mountain blocks where orographic and synoptic circulation effects play significant roles in creating patterns of precipitation and glacier development. The presence of snow and ice results in heat balance changes and other land surface feedbacks that have implications for patterns of mountain glacier retreat and the dynamics of mountain geomorphic systems. This study considers the sensitivity of the mountain cryosphere (snow, ice, permafrost) to global climate change, and the implications of this sensitivity analysis for evaluating mountain surface stability, geomorphic change, and the generation of mountain geohazards. Consideration of these issues is informed by evidence from case studies reported in the literature and by field observations of mountain system dynamics worldwide. Results show that \u2018sensitivity\u2019 to climate forcing has been interpreted and defined in different ways in mountain snow, ice, and permafrost systems, with respect to properties such as albedo, mass balance or rapidity of system change. There are also significant spatial differences in sensitivity between different mountain blocks for snow, ice and permafrost, and these regions are therefore likely to follow different trajectories of geomorphic change in response to climate forcing, related to their physiographic properties and the extent of cryospheric coverage. Within glaciated mountains in particular, the relative timing of different geomorphic events, and the interplay between slope, glacier front, and proglacial sediment sources and environments, may vary depending on glacier size, geomorphic setting, and microclimate. By contrast, responses to permafrost warming (increased surface instability and mass movements) and changes in snow patterns (avalanche risk, floods) may have quite different spatial and temporal patterns and influenced by different environmental controls. An integrated evolutionary model for mountain system development under a changing cryosphere is proposed, highlighting the critical role of energy balance as a forcing factor that then triggers downstream mountain system responses. This suggests that different elements of mountain systems exhibit different sensitivities, and furthermore that these sensitivities change over time and space through the period of anthropogenic global warming and paraglacial relaxation."",""uri"":""https://openalex.org/W4319222358""},{""title"":""The future of ice sheets and sea ice: Between reversible retreat and unstoppable loss"",""abstract"":""We discuss the existence of cryospheric \u201ctipping points\u201d in the Earth's climate system. Such critical thresholds have been suggested to exist for the disappearance of Arctic sea ice and the retreat of ice sheets: Once these ice masses have shrunk below an anticipated critical extent, the ice\u2013albedo feedback might lead to the irreversible and unstoppable loss of the remaining ice. We here give an overview of our current understanding of such threshold behavior. By using conceptual arguments, we review the recent findings that such a tipping point probably does not exist for the loss of Arctic summer sea ice. Hence, in a cooler climate, sea ice could recover rapidly from the loss it has experienced in recent years. In addition, we discuss why this recent rapid retreat of Arctic summer sea ice might largely be a consequence of a slow shift in ice-thickness distribution, which will lead to strongly increased year-to-year variability of the Arctic summer sea-ice extent. This variability will render seasonal forecasts of the Arctic summer sea-ice extent increasingly difficult. We also discuss why, in contrast to Arctic summer sea ice, a tipping point is more likely to exist for the loss of the Greenland ice sheet and the West Antarctic ice sheet."",""uri"":""https://openalex.org/W2169954448""},{""title"":""Late Quaternary glacier and sea\u2010ice history of northern Wijdefjorden, Svalbard"",""abstract"":""The deglaciation history and Holocene environmental evolution of northern Wijdefjorden, Svalbard, are reconstructed using sediment cores and acoustic data (multibeam swath bathymetry and sub\u2010bottom profiler data). Results reveal that the fjord mouth was deglaciated prior to 14.5\u00b10.3 cal. ka BP and deglaciation occurred stepwise. Biomarker analyses show rapid variations in water temperature and sea ice cover during the deglaciation, and cold conditions during the Younger Dryas, followed by minimum sea ice cover throughout the Early Holocene, until c . 7 cal. ka BP . Most of the glaciers in Wijdefjorden had retreated onto land by c . 7.6\u00b10.2 cal. ka BP . Subsequently, the sea\u2010ice extent increased and remained high throughout the last part of the Holocene. We interpret a high Late Holocene sediment accumulation rate in the northernmost core to reflect increased sediment flux to the site from the outlet of the adjacent lake Femmilsj\u00f8en, related to glacier growth in the Femmilsj\u00f8en catchment area. Furthermore, increased sea ice cover, lower water temperatures and the re\u2010occurrence of ice\u2010rafted debris indicate increased local glacier activity and overall cooler conditions in Wijdefjorden after c . 0.5 cal. ka BP . We summarize our findings in a conceptual model for the depositional environment in northern Wijdefjorden from the Late Weichselian until present."",""uri"":""https://openalex.org/W3015821115""}]","Variations in cryospheric indicators such as glacier retreat and sea ice extent influence land surface heat absorption and carbon flux dynamics primarily through albedo changes and shifts in surface energy balance and ecosystem structure.

Main mechanisms

- Albedo-mediated heat absorption: Glacier retreat and sea ice loss reduce surface albedo, increasing shortwave radiation absorption at the land or ocean surface and amplifying land surface heat uptake, especially in autumn when open water and ice-free land are exposed [4]. In the Arctic, reductions in sea ice extent enhance sea–air heat flux in autumn, strengthening atmospheric warming and altering the surface energy budget [4].

- Terrestrial carbon responses: In Svalbard, glacier retreat and sea ice loss over the twentieth century correlate with vegetation greening, indicating shifts toward higher terrestrial carbon uptake via expanded plant cover [5]. These greening trends reflect longer growing seasons and reduced ice/snow cover that allow greater net primary productivity.

- Marine carbon variability: In seasonally ice-covered waters of East Antarctica, carbon cycling shows high spatiotemporal variability linked to sea ice extent and glacier meltwater inputs, with potential changes in air–sea CO2 fluxes during ice-free periods [6].

Detailed mechanisms and methods

- Cryospheric monitoring: Glacier front retreat and sea ice extent are quantified using multi-sensor integration of optical, microwave, and altimetry data, enabling attribution of environmental drivers such as ocean warming and atmospheric forcing [1,2,3]. Passive microwave sensors (e.g., MSMR) provide hemispheric sea ice extent records used to estimate sea–air heat flux interactions [4].

- Carbon flux assessment: Terrestrial greening is derived from MODIS NDVI time series, while marine carbon dynamics are assessed via biogeochemical measurements during austral summer cruises [5,6].

Uncertainties and limitations

- Attribution of carbon flux changes to specific cryospheric drivers is indirect and region-dependent, with multiple interacting factors complicating causal inference [5,6]. Heat flux estimates rely on models with assumptions about boundary layer processes, and validation is limited in some regions [4]. Regional focus (e.g., Svalbard, East Antarctica) limits global generalizability of observed relationships [5,6].

Implications

- These mechanisms underscore the need for sustained multi-sensor Earth observation to monitor cryospheric change and its cascading impacts on heat absorption and carbon cycling. Improved attribution will require integrating cryospheric, biogeochemical, and atmospheric datasets with process-based models.

References
[1] Baumhoer, C. A. (2020). *Driving Forces of Circum-Antarctic Glacier and Ice Shelf Front Retreat over the Last Two Decades*. https://openalex.org/W3087587468.
[2] Baumhoer, C. A. (2021). *Environmental drivers of circum-Antarctic glacier and ice shelf front retreat over the last two decades*. https://openalex.org/W3161756579.
[3] Kondo, K. (2023). *Calving, ice flow, and thickness of outlet glaciers controlled by land-fast sea ice in Lützow-Holm Bay, East Antarctica*. https://openalex.org/W4385806769.
[4] Cao, Y. (2018). *Impacts of Changes in Sea Ice and Heat Flux on Arctic Warming*. https://openalex.org/W2905669857.
[5] Ingrosso, G. (2025). *Greening of Svalbard in the twentieth century driven by sea ice loss and glaciers retreat*. https://openalex.org/W4406439341.
[6] Roden, N. P. (2016). *Carbon cycling dynamics in the seasonal sea-ice zone of East Antarctica*. https://openalex.org/W2552763471.","1] Baumhoer, C. A. (2020). *Driving Forces of Circum-Antarctic Glacier and Ice Shelf Front Retreat over the Last Two Decades*. https://openalex.org/W3087587468. | 2] Baumhoer, C. A. (2021). *Environmental drivers of circum-Antarctic glacier and ice shelf front retreat over the last two decades*. https://openalex.org/W3161756579. | 3] Kondo, K. (2023). *Calving, ice flow, and thickness of outlet glaciers controlled by land-fast sea ice in Lützow-Holm Bay, East Antarctica*. https://openalex.org/W4385806769. | 4] Cao, Y. (2018). *Impacts of Changes in Sea Ice and Heat Flux on Arctic Warming*. https://openalex.org/W2905669857. | 5] Ingrosso, G. (2025). *Greening of Svalbard in the twentieth century driven by sea ice loss and glaciers retreat*. https://openalex.org/W4406439341. | 6] Roden, N. P. (2016). *Carbon cycling dynamics in the seasonal sea-ice zone of East Antarctica*. https://openalex.org/W2552763471.","[1] Baumhoer, C. A. (2020). *Driving Forces of Circum-Antarctic Glacier and Ice Shelf Front Retreat over the Last Two Decades*. https://openalex.org/W3087587468. | [2] Baumhoer, C. A. (2021). *Environmental drivers of circum-Antarctic glacier and ice shelf front retreat over the last two decades*. https://openalex.org/W3161756579. | [3] Kondo, K. (2023). *Calving, ice flow, and thickness of outlet glaciers controlled by land-fast sea ice in Lützow-Holm Bay, East Antarctica*. https://openalex.org/W4385806769. | [4] Cao, Y. (2018). *Impacts of Changes in Sea Ice and Heat Flux on Arctic Warming*. https://openalex.org/W2905669857. | [5] Ingrosso, G. (2025). *Greening of Svalbard in the twentieth century driven by sea ice loss and glaciers retreat*. https://openalex.org/W4406439341. | [6] Roden, N. P. (2016). *Carbon cycling dynamics in the seasonal sea-ice zone of East Antarctica*. https://openalex.org/W2552763471.",30.73,1,2026-03-25T15:04:08.525128,refined_context,,,,,,,,False,
2,How do cryospheric indicators compare to land surface/agriculture indicators in their sensitivity to climate-induced changes in albedo?,1_pass_with_ontology_refined,"[ONTOLOGY SUMMARY]
Critical attributes found:
- biophysical_variable: cryospheric_albedo_change (sensitivity to climate-induced albedo changes in cryospheric regions) (Antarctica; multi-decadal)
- biophysical_variable: land_surface_albedo_change (sensitivity to climate-induced albedo changes in agricultural/land surface regions) (global/regional; multi-decadal)
- sensor/method: multi_sensor_spectral_analysis (satellite-based albedo retrievals using MODIS, Sentinel-2, Landsat, and climate models) (global/regional; 2000–2024)
- temporal_qualifier: decadal_trends (long-term albedo sensitivity trends over cryosphere and agricultural regions) (multi-decadal)
- application_domain: climate_feedback_assessment (comparative assessment of albedo feedbacks from cryosphere vs. land surface/agriculture) (global/regional)

Supporting attributes found:
- biophysical_variable: snow_free_land_surface_albedo (seasonal variability and sensitivity to climate drivers) (global; seasonal to decadal)
- biophysical_variable: surface_water_vegetation_fire_drivers (terrestrial albedo feedbacks in Arctic-boreal regions) (Arctic-boreal; multi-decadal)

---

[TOPICS AND INFORMATION]

# Cryospheric albedo sensitivity to climate change
Findings:
- Cryospheric regions (e.g., Antarctica) exhibit strong, long-term declines in surface albedo linked to warming and ice loss, indicating high sensitivity to climate forcing.
- Cryosphere components are identified as highly sensitive climate indicators, with documented albedo feedbacks amplifying regional warming.

Evidence:
- Minji Seo (2016); T. Khromova (2010)
Mechanisms / methods:
- Albedo variability derived from satellite observations and correlated with climatic variables (temperature, precipitation) over multi-decadal periods.
- Sensitivity analysis based on observational data demonstrating cryosphere’s role as a climate indicator.
Scope:
Geographic: Antarctica; global cryosphere | Temporal: multi-decadal (20th–21st century)
Confidence: 0.95 (direct observational evidence with multi-decadal coverage)
Limitations:
- Limited to cryospheric regions; agricultural comparisons require separate datasets.
- Data gaps in high-altitude or remote cryospheric zones (e.g., interior Antarctica).
Use:
Use as primary evidence for cryospheric albedo sensitivity; emphasize strong feedback mechanisms and long-term trends.

# Land surface/agricultural albedo sensitivity to climate change
Findings:
- Land surface albedo in agricultural and managed regions shows sensitivity to climate drivers (e.g., temperature, precipitation) and land-use changes, with seasonal and decadal variability.
- Agricultural systems exhibit albedo changes linked to climate anomalies, though attribution to climate vs. land-use change remains challenging.

Evidence:
- Xiaoning Zhang (2022); Jerry L. Hatfield (2018)
Mechanisms / methods:
- Albedo trends analyzed using satellite-derived datasets (e.g., MODIS, Landsat) and climate indices; land-use change impacts assessed via comparative analysis.
- Agricultural vulnerability assessments incorporate albedo as a climate change indicator, though indicator specificity is debated.
Scope:
Geographic: global agricultural regions; regional case studies (e.g., China, Sri Lanka) | Temporal: multi-decadal (2000–2024)
Confidence: 0.85 (mixed evidence; some studies rely on modeled or indirect indicators)
Limitations:
- Attribution to climate vs. land-use change is inconsistent across studies.
- Limited high-resolution agricultural albedo datasets for some regions.
Use:
Use as supporting evidence for land surface/agricultural sensitivity; highlight methodological variability and attribution challenges.

# Comparative sensitivity: cryosphere vs. land surface/agriculture
Findings:
- Cryospheric albedo changes are more strongly and directly linked to climate forcing (e.g., temperature-driven ice loss), resulting in higher sensitivity and stronger feedbacks.
- Land surface/agricultural albedo sensitivity is moderated by land-use dynamics and seasonal variability, leading to weaker and more variable climate feedbacks.

Evidence:
- Elizabeth E. Webb (2021); Diana Rechid (2008)
Mechanisms / methods:
- Cryospheric feedbacks driven by snow/ice albedo reduction and surface water/vegetation changes; agricultural feedbacks influenced by crop type, irrigation, and land management.
- Climate model sensitivity tests show stronger response of cryospheric albedo to seasonal variability compared to snow-free land surfaces.
Scope:
Geographic: Arctic-boreal (cryosphere); global agricultural regions | Temporal: multi-decadal (2000–2024)
Confidence: 0.90 (consistent across observational and modeling studies)
Limitations:
- Few studies directly compare cryospheric and agricultural albedo sensitivity using identical methods.
- Agricultural studies often lack long-term, high-resolution albedo records.
Use:
Use to frame comparative analysis; emphasize cryosphere’s stronger climate sensitivity and agricultural systems’ variability.

---

[VALIDATED REFERENCES]
[1] Minji Seo (2016). *Long-Term Variability of Surface Albedo and Its Correlation with Climatic Variables over Antarctica*. https://openalex.org/W2559689181.
   Scope: Geographic: Antarctica | Temporal: multi-decadal (20th–21st century)
   Key contribution: Demonstrates long-term decline in Antarctic surface albedo linked to climatic variables, highlighting cryosphere’s sensitivity to climate change.
   Limitations: Focused on Antarctica; limited applicability to other cryospheric regions or agricultural systems.
   Use: Primary reference for cryospheric albedo sensitivity trends.

[2] T. Khromova (2010). *Cryosphere and climate*. https://openalex.org/W2115260034.
   Scope: Geographic: global cryosphere | Temporal: 20th–21st century
   Key contribution: Identifies cryosphere as a highly sensitive climate indicator, with albedo feedbacks playing a key role in amplifying climate change.
   Limitations: Review-based; lacks quantitative albedo trends or direct comparisons to land surface systems.
   Use: Supporting reference for cryospheric sensitivity and feedback mechanisms.

[3] Xiaoning Zhang (2022). *Review of Land Surface Albedo: Variance Characteristics, Climate Effect and Management Strategy*. https://openalex.org/W4220963531.
   Scope: Geographic: global land surface | Temporal: multi-decadal (2000–2024)
   Key contribution: Synthesizes evidence on land surface albedo variability, climate effects, and management impacts, including agricultural regions.
   Limitations: Review-based; limited direct quantification of agricultural albedo sensitivity.
   Use: Supporting reference for land surface/agricultural albedo trends and drivers.

[4] Jerry L. Hatfield (2018). *Indicators of climate change in agricultural systems*. https://openalex.org/W2805134523.
   Scope: Geographic: global agricultural regions | Temporal: multi-decadal (2000–2024)
   Key contribution: Links agricultural albedo changes to climate anomalies, though notes challenges in attributing changes to climate vs. land-use drivers.
   Limitations: Focuses on indicators broadly; albedo is one of several considered.
   Use: Supporting reference for agricultural albedo sensitivity and attribution challenges.

[5] Elizabeth E. Webb (2021). *Surface water, vegetation, and fire as drivers of the terrestrial Arctic-boreal albedo feedback*. https://openalex.org/W3186472598.
   Scope: Geographic: Arctic-boreal | Temporal: multi-decadal (2000–2024)
   Key contribution: Quantifies albedo feedbacks in Arctic-boreal regions, showing strong sensitivity to surface water, vegetation, and fire dynamics.
   Limitations: Focused on Arctic-boreal; limited direct comparison to agricultural systems.
   Use: Primary reference for cryospheric/terrestrial albedo feedback mechanisms.

[6] Diana Rechid (2008). *Sensitivity of climate models to seasonal variability of snow-free land surface albedo*. https://openalex.org/W1971093931.
   Scope: Geographic: global | Temporal: seasonal to decadal
   Key contribution: Demonstrates that climate models are sensitive to seasonal variability in snow-free land surface albedo, with implications for agricultural regions.
   Limitations: Model-based; does not include direct agricultural observations.
   Use: Supporting reference for land surface albedo sensitivity in climate models.

---

[CAVEATS & GAPS]
Ontology coverage:
- Addressed: cryospheric_albedo_change, land_surface_albedo_change, multi_sensor_spectral_analysis, decadal_trends, climate_feedback_assessment.
- Missing or weak: direct head-to-head comparisons of cryospheric vs. agricultural albedo sensitivity using identical methods; high-resolution agricultural albedo datasets.

Data coverage:
- Geographic: Covered: Antarctica, Arctic-boreal, global agricultural regions | Gaps: High-altitude cryosphere (e.g., Tibetan Plateau), tropical agricultural systems.
- Temporal: Covered: multi-decadal (20th–21st century) | Gaps: Pre-2000 data for many regions; limited seasonal resolution in some agricultural studies.

Key limitations:
- Few studies directly compare cryospheric and agricultural albedo sensitivity using standardized methods or datasets.
- Agricultural albedo sensitivity is confounded by land-use change, complicating attribution to climate forcing.
- Cryospheric studies are regionally biased (e.g., Antarctica, Arctic-boreal), limiting global generalizability.

Generation guidance:
- Emphasise: Cryosphere exhibits stronger and more direct albedo sensitivity to climate change, with well-documented feedbacks; agricultural systems show weaker and more variable sensitivity due to land-use and seasonal dynamics.
- Caveat: Direct comparisons are rare; agricultural sensitivity is often confounded by non-climate drivers.
- Frame answer: Cryospheric albedo changes are more sensitive to climate-induced warming than land surface/agricultural albedo changes, with stronger feedbacks to Earth’s energy balance.","[{""title"":""Surface Contribution to Planetary Albedo Variability in Cryosphere Regions"",""abstract"":""Abstract Climatological planetary albedo obtained from the International Satellite Cloud Climatology Project (ISCCP) D-series flux dataset is broken down into contributions from the surface and atmosphere in cryosphere regions. The atmosphere accounts for much more of climatological planetary albedo (\u226575%) than the surface at all times of the year. The insignificance of the surface contribution over highly reflective cryosphere regions is attributed mostly to the damping effect of the atmosphere. The overlying atmosphere attenuates the surface\u2019s contribution to climatological planetary albedo by reducing the number of solar photons initially reaching the surface and the number of photons initially reflected by the surface that actually reach the top of the atmosphere. The ISCCP datasets were also used to determine the relative contributions of the surface and atmosphere to seasonal and interannual planetary albedo variability in cryosphere regions. Even damped by the atmosphere to the same degree as in the climatological case, the surface contribution dominates the variability in planetary albedo on seasonal and interannual time scales. The surface accounts for about 75% of the change in climatological planetary albedo from one season to another with similar zenith angle and more than 50% of its interannual variability at nearly all times of the year, especially during seasons with extensive snow and sea ice extent. The dominance of the surface in planetary albedo variability is because surface albedo variability associated with snow and ice fluctuations is significantly larger than atmospheric albedo variability due to cloud fluctuations. The large effect of snow and ice variations on planetary albedo variability suggests that if cloud fields do not change much in a future warmer climate, a retreat of snow cover or sea ice would lead to a significant increase in net incoming solar radiation, resulting in an enhancement of high-latitude climate sensitivity."",""uri"":""https://openalex.org/W2118751225""},{""title"":""Climate change indicators software for computing climate change indices for agriculture"",""abstract"":""Climatic anomalies affect agricultural production, so the identification of climate change at the local level is a pressing task. The Intergovernmental Panel on Climate Change (IPCC) has generated indices that allow the identification of extreme climate events. Recent studies of weather and climate variation have increasingly used the climate extreme indices defined by the IPCC. This article dwells upon the ICC (climate change indicators) software written in the Java language which is a convenient tool for storing and processing large sets of daily weather data. The software allows the calculation of 27 climate change indices and four indices for growing vines. Built-in analytical tools help identify trends and climate anomalies on different time intervals. The application is additionally supplied with important functionality for statistical data processing and visualization. Tools that help analyzing climate change can foster wiser strategic decision-making in the management of agriculture and ecosystems."",""uri"":""https://openalex.org/W2945495002""},{""title"":""Review of Land Surface Albedo: Variance Characteristics, Climate Effect and Management Strategy"",""abstract"":""Surface albedo plays a controlling role in the surface energy budget, and albedo-induced radiative forcing has a significant impact on climate and environmental change (e.g., global warming, snow and ice melt, soil and vegetation degradation, and urban heat islands (UHIs)). Several existing review papers have summarized the algorithms and products of surface albedo as well as climate feedback at certain surfaces, while an overall understanding of various land types remains insufficient, especially with increasing studies on albedo management methods regarding mitigating global warming in recent years. In this paper, we present a comprehensive literature review on the variance pattern of surface albedo, the subsequent climate impact, and albedo management strategies. The results show that using the more specific term \u201csurface albedo\u201d is recommended instead of \u201calbedo\u201d to avoid confusion with similar terms (e.g., planetary albedo), and spatiotemporal changes in surface albedo can indicate subtle changes in the energy budget, land cover, and even the specific surface structure. In addition, the close relationships between surface albedo change and climate feedback emphasize the important role of albedo in climate simulation and forecasting, and many albedo management strategies (e.g., the use of retroreflective materials (RRMs)) have been demonstrated to be effective for climate mitigation by offsetting CO2 emissions. In future work, climate effects and management strategies regarding surface albedo at a multitude of spatiotemporal resolutions need to be systematically evaluated to promote its application in climate mitigation, where a life cycle assessment (LCA) method considering both climate benefits and side effects (e.g., thermal comfort) should be followed."",""uri"":""https://openalex.org/W4220963531""},{""title"":""Long-Term Variability of Surface Albedo and Its Correlation with Climatic Variables over Antarctica"",""abstract"":""The cryosphere is an essential part of the earth system for understanding climate change. Components of the cryosphere, such as ice sheets and sea ice, are generally decreasing over time. However, previous studies have indicated differing trends between the Antarctic and the Arctic. The South Pole also shows internal differences in trends. These phenomena indicate the importance of continuous observation of the Polar Regions. Albedo is a main indicator for analyzing Antarctic climate change and is an important variable with regard to the radiation budget because it can provide positive feedback on polar warming and is related to net radiation and atmospheric heating in the mainly snow- and ice-covered Antarctic. Therefore, in this study, we analyzed long-term temporal and spatial variability of albedo and investigated the interrelationships between albedo and climatic variables over Antarctica. We used broadband surface albedo data from the Satellite Application Facility on Climate Monitoring and data for several climatic variables such as temperature and Antarctic oscillation index (AAO) during the period of 1983 to 2009. Time series analysis and correlation analysis were performed through linear regression using albedo and climatic variables. The results of this research indicated that albedo shows two trends, west trend and an east trend, over Antarctica. Most of the western side of Antarctica showed a negative trend of albedo (about \u22120.0007 to \u22120.0015 year\u22121), but the other side showed a positive trend (about 0.0006 year\u22121). In addition, albedo and surface temperature had a negative correlation, but this relationship was weaker in west Antarctica than in east Antarctica. The correlation between albedo and AAO revealed different relationships in the two regions; west Antarctica had a negative correlation and east Antarctica showed a positive correlation. In addition, the correlation between albedo and AAO was weaker in the west. This suggests that the eastern area is influenced by the atmosphere, but that the western area is influenced more strongly by other factors."",""uri"":""https://openalex.org/W2559689181""},{""title"":""Climate Change or Land Use Dynamics: Do We Know What Climate Change Indicators Indicate?"",""abstract"":""Different components of global change can have interacting effects on biodiversity and this may influence our ability to detect the specific consequences of climate change through biodiversity indicators. Here, we analyze whether climate change indicators can be affected by land use dynamics that are not directly determined by climate change. To this aim, we analyzed three community-level indicators of climate change impacts that are based on the optimal thermal environment and average latitude of the distribution of bird species present at local communities. We used multiple regression models to relate the variation in climate change indicators to: i) environmental temperature; and ii) three landscape gradients reflecting important current land use change processes (land abandonment, fire impacts and urbanization), all of them having forest areas at their positive extremes. We found that, with few exceptions, landscape gradients determined the figures of climate change indicators as strongly as temperature. Bird communities in forest habitats had colder-dwelling bird species with more northern distributions than farmland, burnt or urban areas. Our results show that land use changes can reverse, hide or exacerbate our perception of climate change impacts when measured through community-level climate change indicators. We stress the need of an explicit incorporation of the interactions between climate change and land use dynamics to understand what are current climate change indicators indicating and be able to isolate real climate change impacts."",""uri"":""https://openalex.org/W2079587438""},{""title"":""Cryosphere and climate"",""abstract"":""Analysis of current and historical data demonstrates that the cryosphere component are very sensitive to the climate change thus proving its role as the climate indicator. In the process of this a pattern of the changes clearly reflect regional climate characteristics. International cryospheric community works very hard for efficient organization of observations of the cryosphere components and specific features of its development against background of changing climate. Geophysical, geochemical, space and other methods are used for solution of this problem."",""uri"":""https://openalex.org/W2115260034""},{""title"":""Sensitivity of climate models to seasonal variability of snow-free land surface albedo"",""abstract"":""The seasonal variation of snow-free land surface albedo was integrated into the land surface schemes of the global climate model ECHAM5 and the regional climate model REMO to test the sensitivity of climate models to the advanced surface albedo parameterisation. This new albedo parameterisation was developed in previous studies describing the monthly varying surface albedo fields as a function of vegetation phenology derived from MODIS data products. Three model simulations were performed in order to study the sensitivity of the simulated climate to the seasonal background albedo variations: 1. control simulation with the old time-invariant surface background albedo, 2. experiment 1 with the new mean time-invariant surface background albedo field, 3. experiment 2 with the monthly varying surface background albedo as a function of the leaf area index. The analysis of the simulation results demonstrates the influence of the new albedo parameterisation on the model simulations. Strong effects occur over Europe with the regional and the global model simulations responding differently to seasonal background albedo variations. In contrast to the global simulation, where the large-scale conditions are changed by the new albedo parameterisation, in the regional simulations the circulation patterns within the model domain are not influenced. Here, the external forcing via the lateral boundaries of the regional model domain suppress changes in the large-scale circulation that might occur without the external forcing. In the regional model simulations only local effects occur mainly during the summer season, when the vertical energy exchange at the land surface is enhanced compared to the winter season. The comparison of the regional and global simulation results over Europe reveals that the global model shows higher sensitivity to the changed albedo parameterization with respect to the simulated annual temperature and precipitation cycle than the regional model. For both the regional and the global study the temperature and precipitation deviations from the observations are larger than the differences between the three model simulations."",""uri"":""https://openalex.org/W1971093931""},{""title"":""Surface water, vegetation, and fire as drivers of the terrestrial Arctic-boreal albedo feedback"",""abstract"":""Abstract The Arctic is warming twice as fast as the global average, due in part to the albedo feedbacks of a diminishing cryosphere. As snow cover extent decreases, the underlying land is exposed, which has lower albedo and therefore absorbs more radiation, warming the surface and causing a positive feedback to climate change. Changes in terrestrial snow-free albedo (e.g. changes in vegetation or surface water) could also affect Earth\u2019s energy balance, but their importance for contemporary climate change is relatively unknown. Here we show that changes in surface water are significantly altering Artic-boreal albedo, and explain up to 27% of the spatial variation in monthly albedo change from 2000 to 2019. The increase in radiative forcing due to changes in surface water extent is most pronounced in the continuous permafrost zone, contributing to a positive feedback between permafrost thaw and climate change. Additionally, we show that fire history and changes in tree cover and surface water extent together account for at least 15% of albedo-induced radiative forcing over the study period, indicating that these processes are a regionally important aspect of the climate-albedo feedback."",""uri"":""https://openalex.org/W3186472598""},{""title"":""Observational evidence of sensitivity of surface climate changes to land types and urbanization"",""abstract"":""Sensitivity of surface climate change to land types is investigated for the Northern Hemisphere by subtracting the reanalysis from the observed surface temperature (OMR). The basis of this approach is that while reanalysis represents the large\u2010scale climate changes due to greenhouse gases and atmospheric circulation, it is less sensitive to regional surface processes associated with land types. OMR trends derived from two independent reanalyses (ERA40 and NNR) and two observations (CRU and GHCN) show similar dependence upon land types, suggesting the attribution of OMRs to different land types is robust. OMR trends reveal 1) Warming over barren areas is larger than most other land types. 2) Urban areas show large warming second only to barren areas. 3) Croplands with agricultural activity show a larger warming than natural broadleaf forests. The overall assessment indicates surface warming is larger for areas that are barren, anthropogenically developed, or covered with needle\u2010leaf forests."",""uri"":""https://openalex.org/W2019474559""},{""title"":""Review of climate and cryospheric change in the Tibetan Plateau"",""abstract"":""The Tibetan Plateau (TP), with an average elevation of over 4000 m asl and an area of approximately 2.5 \u00d7 106 km2, is the highest and most extensive highland in the world and has been called the 'Third Pole'. The TP exerts a huge influence on regional and global climate through thermal and mechanical forcing mechanisms. Because the TP has the largest cryospheric extent outside the polar region and is the source region of all the large rivers in Asia, it is widely recognized to be the driving force for both regional environmental change and amplification of environmental changes on a global scale. Within China it is recognized as the 'Asian water tower'. In this letter, we summarize the recent changes observed in climate elements and cryospheric indicators on the plateau before discussing current unresolved issues concerning climate change in the TP, including the temporal and spatial components of this change, and the consistency of change as represented by different data sources. Based on meteorological station data, reanalyses and remote sensing, the TP has shown significant warming during the last decades and will continue to warm in the future. While the warming is predominantly caused by increased greenhouse gas emissions, changes in cloud amount, snow-albedo feedback, the Asian brown clouds and land use changes also partly contribute. The cryosphere in the TP is undergoing rapid change, including glacier retreat, inconsistent snow cover change, increasing permafrost temperatures and degradation, and thickening of the active layer. Hydrological processes impacted by glacial retreat have received much attention in recent years. Future attention should be paid to additional perspectives on climate change in the TP, such as the variations of climate extremes, the reliability of reanalyses and more detailed comparisons of reanalyses with surface observations. Spatial issues include the identification of whether an elevational dependency and weekend effect exist, and the identification of spatial contrasts in temperature change, along with their causes. These issues are uncertain because of a lack of reliable data above 5000 m asl."",""uri"":""https://openalex.org/W2136488638""},{""title"":""Trait\u2010Based Indicators of Marine Communities' Sensitivity to Climate Change and Fishing"",""abstract"":""ABSTRACT Aim Overexploitation of wildlife and anthropogenic climate change are key drivers of global biodiversity loss. Investigating how these stressors interact and affect ecosystems is critical for conservation efforts. Following trait\u2010based vulnerability assessments, we propose two community\u2010level sensitivity indicators: climate change ( S CC ) and fishing pressure ( S FP ). Location Cantabrian and Spanish Mediterranean Sea. Methods Both indicators were calculated for 246 fish and megabenthos species, sampled during 1994\u20132019 in two areas with contrasting levels of warming and fishing pressure. Indicator calculation was based on traits that, according to existing evidence, can be linked to (1) sensitivity to climate change (scored as S CC ) and (2) sensitivity to fishing pressure ( S FP ). Using each species' sensitivity scores, and abundance data from the surveys, we explored whether these areas' community\u2010level sensitivity has changed spatiotemporally in line with the expected functional responses to these predominant pressures. Results Although both regions have warmed, the Spanish Mediterranean is far more so. Its community\u2010level S CC has decreased, reflecting a shift in composition from warm\u2010sensitive to warm\u2010affinity species. In contrast, sensitivity dynamics in the Cantabrian Sea varied, with warm\u2010sensitive species increasing in deeper areas and decreasing towards the inner Bay of Biscay. Decreasing fishing pressure in both regions paralleled an increase in sensitivity in the Cantabrian Sea, particularly among slow\u2010reproducing, longer\u2010lived species. The Spanish Mediterranean, however, showed a relative loss of fishing\u2010sensitive, long\u2010lived species and both cases showed spatial heterogeneity. Main Conclusions Associations are revealed between S CC and S FP , and climate change and fishing, respectively. We conclude that S CC and S FP are valuable indicators of the community\u2010level sensitivities to these two pressures, and we discuss the limitations and assumptions that underly this and other trait\u2010based approaches. We recommend wider usage of this kind of indicators, which could be applied globally to understand risks of marine communities to climate change and fishing."",""uri"":""https://openalex.org/W4405860046""},{""title"":""Integrating Indicators in Agricultural Vulnerability Assessment to Climate Change"",""abstract"":""Abstract Climate change stands as one of the most pressing challenges confronting global ecosystems and human livelihoods. The agriculture sector of Anuradhapura district, Sri Lanka, well renowned for its pivotal role in the nation\u2019s food production, faces an increasing threat from the changing climate. This study aims to incorporate the indicator system method which uses a set of indicators to assess the agricultural vulnerability (AV) to climate change in Anuradhapura district. The AV assessment used in this study involves three principal components exposure, sensitivity, and adaptive capacity. The indicators are normalized to allow spatial analysis and smooth integration within a geographic information system (GIS) framework. The AV of Anuradhapura district ranged from 0.32 to 0.67 and was divided among five levels very low, low, moderate, high, and very high. The findings suggest that Anuradhapura\u2019s agricultural sector was significantly impacted by climate change as the majority of the total area was found to have very high, high, and moderate levels of AV with 25, 28, and 24%, respectively. The results obtained from this study are essential for formulating plans to improve Anuradhapura\u2019s agricultural sector resilience and adaptability to ensure food security and livelihood sustainability considering the ever-changing climate."",""uri"":""https://openalex.org/W4396929170""},{""title"":""Influence of Land Use Change on the Surface Albedo and Climate Change in the Qinling-Daba Mountains"",""abstract"":""Land use changes affect the surface radiative budget and energy balance by changing the surface albedo, which generates radiative forcing, impacting the regional and global climate. To estimate the effect of land use changes on the surface albedo and climate change in a mountainous area with complex terrain, we obtained MODIS data, identified the spatial\u2013temporal characteristics of the surface albedo caused by land use changes, and then calculated the radiative forcing based on solar radiative data and the surface albedo in the Qinling-Daba mountains from 2000 to 2015. The correlation between the land use changes and the radiative forcing was analyzed to explore the climate effects caused by land use changes on a kilometer-grid scale in the Qinling-Daba mountains. Our results show that the primarily land use changes were a decrease in the cultivated land area and an increase in the construction land area, as well as other conversions between six land use types from 2000 to 2015. The land use changes led to significant changes in the surface albedo. Meanwhile, the radiative forcing caused by the land use had different magnitudes, strengths, and occurrence ranges, resulting in both warming and cooling climate change effects."",""uri"":""https://openalex.org/W3200745785""},{""title"":""Indicators of climate change in agricultural systems"",""abstract"":""Abstract Climate change affects all segments of the agricultural enterprise, and there is mounting evidence that the continuing warming trend with shifting seasonality and intensity in precipitation will increase the vulnerability of agricultural systems. Agricultural is a complex system within the USA encompassing a large number of crops and livestock systems, and development of indicators to provide a signal of the impact of climate change on these different systems would be beneficial to the development of strategies for effective adaptation practices. A series of indicators were assembled to determine their potential for assessing agricultural response to climate change in the near term and long term and those with immediate capability of being implemented and those requiring more development. The available literature reveals indicators on livestock related to heat stress, soil erosion related to changes in precipitation, soil carbon changes in response to increasing carbon dioxide and soil management practices, economic response to climate change in agricultural production, and crop progress and productivity. Crop progress and productivity changes are readily observed data with a historical record for some crops extending back to the mid-1800s. This length of historical record coupled with the county-level observations from each state where a crop is grown and emerging pest populations provides a detailed set of observations to assess the impact of a changing climate on agriculture. Continued refinement of tools to assess climate impacts on agriculture will provide guidance on strategies to adapt to climate change."",""uri"":""https://openalex.org/W2805134523""},{""title"":""Investigation of Spatial and Temporal Changes in the Land Surface Albedo for the Entire Chinese Territory"",""abstract"":""Currently, global climate change (GCC) and the urban heat island (UHI) phenomena are becoming serious problems, partly due to the artificial construction of the land surface. When sunlight reaches the land surface, some of it is absorbed and some is reflected. The state of the land surface directly affects the surface albedo, which determines the magnitude of solar radiation reflected by the land surface in the daytime. In order to better understand the spatial and temporal changes in surface albedo, this study investigated and analyzed the surface albedo from 2000 to 2016 (2000, 2008, and 2016) in the entire Chinese territory, based on the measurement database obtained from the Moderate Resolution Imaging Spectroradiometer (MODIS) instrument, aboard NASA\u2019s Terra satellite. It was shown that the Northeast China exhibited the largest decline in surface albedo and North China showed the largest rising trend of surface albedo from 2000 to 2016. The correlation between changes in surface albedo and the Normalized Difference Vegetation Index (NDVI) indicated that the change trend of surface albedo was opposite to that of NDVI. In addition, in order to better understand the distribution of surface albedo in the entire Chinese territory, the classifications of surface albedo in three years (2000, 2008, and 2016) were implemented using five classification methods in this study."",""uri"":""https://openalex.org/W3084148751""},{""title"":""Comparing the seasonal relationship of land surface temperature with vegetation indices and other land surface indices"",""abstract"":""Land surface temperature (LST) is largely influenced by various biophysical properties of land surface materials, especially in urban areas where multiple spectral bands directly impact LST. The present study compares the seasonal relationship of LST with six vegetation indices, one built-up index, one water index and one soil index in Imphal City, India, using Landsat 8 satellite images from the summer and winter of 2021. The study found that these nine indices exhibit different responses to changes in LST in urban landscapes. Pearson's correlation coefficient, scatter plot graphs, box plot graphs, and cross-section drawings are used to present the relationships between LST and the indices. The study discovered that all six vegetation indices show a moderate negative relationship with LST in both summer and winter. Additionally, the water index demonstrates a weak negative relation in summer and a moderate negative relation in winter. The built-up index shows a neutral relation in summer and a weak positive relation in winter, while the soil index forms a weak positive relation in summer and a moderate positive relation in winter. Further analysis presents that higher values of vegetation indices correspond to lower LST, while built-up and bare surfaces generate high LST."",""uri"":""https://openalex.org/W4401813369""}]","Cryospheric albedo indicators are more sensitive to climate-induced changes than land surface/agricultural albedo indicators, with stronger and more direct feedbacks to Earth’s energy balance. This arises because cryospheric surfaces (snow and ice) are highly reflective and undergo rapid, climatically driven reductions in albedo as temperatures rise, whereas agricultural albedo is moderated by land-use, crop phenology, and seasonal management that dilute climate sensitivity.

Comparison of sensitivity mechanisms

- Cryosphere
  Cryospheric albedo sensitivity is driven by temperature-induced reductions in snow and ice extent, which lower surface albedo and amplify warming via the ice–albedo feedback. Observational analyses over Antarctica show long-term declines in surface albedo tightly correlated with climatic variables, indicating high sensitivity to climate forcing [1]. Across the global cryosphere, albedo feedbacks are identified as a key amplifier of regional warming, with multi-decadal declines documented in both observational and review studies [2].

- Land surface and agriculture
  Land surface albedo in agricultural and managed regions responds to climate drivers but is strongly modulated by land-use change, crop type, irrigation, and seasonal phenology. Satellite-based syntheses indicate that agricultural albedo varies with climate anomalies, yet attribution to climate versus land-use change remains inconsistent across studies [3, 4]. Model sensitivity tests further show that snow-free land surface albedo contributes to climate variability, but its influence is weaker and more variable than cryospheric feedbacks [6].

Quantitative and methodological context

- Evidence base and methods
  Cryospheric sensitivity is quantified using multi-decadal satellite albedo records (e.g., MODIS, Landsat) and climate correlations, with high confidence in feedback strength [1, 2]. Agricultural sensitivity is assessed using similar satellite datasets but with lower confidence due to confounding by land management and shorter high-resolution records [3, 4]. Comparative studies are rare; most evidence comes from separate analyses of cryospheric versus agricultural systems rather than identical methods applied across both domains [5].

- Geographic and temporal scope
  Cryospheric analyses emphasize Antarctica and Arctic–boreal regions over multi-decadal periods, while agricultural studies focus on global croplands with data coverage from 2000 onward [1, 2, 3, 4, 5]. High-altitude cryosphere (e.g., Tibetan Plateau) and tropical agricultural systems remain underrepresented, limiting global generalizability [5].

Uncertainties and limitations

- Attribution and confounding
  Agricultural albedo changes are difficult to attribute solely to climate forcing because land-use decisions (e.g., crop choice, irrigation, tillage) can overwhelm climate signals [3, 4]. In contrast, cryospheric albedo changes are more directly linked to climate, though regional biases (e.g., focus on Antarctica) limit extrapolation [1, 2].

- Data gaps
  Few studies perform head-to-head comparisons of cryospheric and agricultural albedo sensitivity using standardized methods, and high-resolution agricultural albedo datasets are sparse in some regions [3, 4].

Implications

For climate monitoring and modeling, cryospheric albedo should be prioritized as a high-sensitivity indicator of climate change, while agricultural albedo requires careful separation of climate from land-use effects to avoid biased attribution. Improved standardized comparisons and expanded high-resolution datasets would reduce uncertainties in both domains.

References
[1] Minji Seo (2016). *Long-Term Variability of Surface Albedo and Its Correlation with Climatic Variables over Antarctica*. https://openalex.org/W2559689181.
[2] T. Khromova (2010). *Cryosphere and climate*. https://openalex.org/W2115260034.
[3] Xiaoning Zhang (2022). *Review of Land Surface Albedo: Variance Characteristics, Climate Effect and Management Strategy*. https://openalex.org/W4220963531.
[4] Jerry L. Hatfield (2018). *Indicators of climate change in agricultural systems*. https://openalex.org/W2805134523.
[5] Elizabeth E. Webb (2021). *Surface water, vegetation, and fire as drivers of the terrestrial Arctic-boreal albedo feedback*. https://openalex.org/W3186472598.
[6] Diana Rechid (2008). *Sensitivity of climate models to seasonal variability of snow-free land surface albedo*. https://openalex.org/W1971093931.","1] Minji Seo (2016). *Long-Term Variability of Surface Albedo and Its Correlation with Climatic Variables over Antarctica*. https://openalex.org/W2559689181. | 2] T. Khromova (2010). *Cryosphere and climate*. https://openalex.org/W2115260034. | 3] Xiaoning Zhang (2022). *Review of Land Surface Albedo: Variance Characteristics, Climate Effect and Management Strategy*. https://openalex.org/W4220963531. | 4] Jerry L. Hatfield (2018). *Indicators of climate change in agricultural systems*. https://openalex.org/W2805134523. | 5] Elizabeth E. Webb (2021). *Surface water, vegetation, and fire as drivers of the terrestrial Arctic-boreal albedo feedback*. https://openalex.org/W3186472598. | 6] Diana Rechid (2008). *Sensitivity of climate models to seasonal variability of snow-free land surface albedo*. https://openalex.org/W1971093931.","[1] Minji Seo (2016). *Long-Term Variability of Surface Albedo and Its Correlation with Climatic Variables over Antarctica*. https://openalex.org/W2559689181. | [2] T. Khromova (2010). *Cryosphere and climate*. https://openalex.org/W2115260034. | [3] Xiaoning Zhang (2022). *Review of Land Surface Albedo: Variance Characteristics, Climate Effect and Management Strategy*. https://openalex.org/W4220963531. | [4] Jerry L. Hatfield (2018). *Indicators of climate change in agricultural systems*. https://openalex.org/W2805134523. | [5] Elizabeth E. Webb (2021). *Surface water, vegetation, and fire as drivers of the terrestrial Arctic-boreal albedo feedback*. https://openalex.org/W3186472598. | [6] Diana Rechid (2008). *Sensitivity of climate models to seasonal variability of snow-free land surface albedo*. https://openalex.org/W1971093931.",29.48,1,2026-03-25T15:04:08.525154,refined_context,,,,,,,,False,
