question_id,question,answer
1,What satellite sensors can be used to monitor vegetation health?,"### Satellite sensors for monitoring vegetation health

Optical satellite sensors are the primary tools for vegetation health monitoring, using visible, near-infrared (NIR), and shortwave infrared (SWIR) bands to derive indices such as NDVI, EVI, and FAPAR that quantify chlorophyll content, canopy structure, and photosynthetic activity Optical satellite sensors (e.g., Landsat, Sentinel-2, MODIS) are widely used to monitor vegetation health via spectral indices such as NDVI, EVI, and FAPAR. Vegetation health can be assessed through chlorophyll content and vegetation water potential, with optical sensors providing high-resolution reflectance data.. Microwave sensors complement optical data by enabling all-weather monitoring through vegetation optical depth indices like SVODI, while multi-sensor fusion improves accuracy in challenging environments such as drylands Microwave remote sensing (e.g., SVODI) enables vegetation condition monitoring independent of cloud cover, complementing optical sensors Combining optical and microwave sensors improves monitoring of vegetation water potential and health, especially in drylands..

---

#### Optical sensors: core capabilities and indices

Optical multispectral sensors such as Landsat, Sentinel-2, and MODIS provide high-resolution reflectance data used to compute vegetation indices that track vigor, stress, and productivity Optical satellite sensors (e.g., Landsat, Sentinel-2, MODIS) are widely used to monitor vegetation health via spectral indices such as NDVI, EVI, and FAPAR.. NDVI and EVI quantify vegetation greenness and reduce soil/atmospheric noise, while FAPAR measures the fraction of photosynthetically active radiation absorbed by canopies, enabling detection of drought impacts and seasonal anomalies NDVI and EVI derived from optical sensors quantify vegetation vigor and stress; FAPAR measures photosynthetically active radiation absorption FAPAR derived from satellite data (e.g., MODIS) can detect drought impacts on vegetation health.. These sensors are applied globally and regionally, including in boreal peatlands and croplands, with demonstrated use in ecosystem restoration monitoring using Sentinel-2 time series Optical satellite sensors (e.g., Landsat, Sentinel-2, MODIS) are widely used to monitor vegetation health via spectral indices such as NDVI, EVI, and FAPAR Demonstrates use of optical satellite imagery (Sentinel-2) for monitoring vegetation recovery in restored peatlands via NDVI and other indices..

---

#### Microwave sensors: all-weather monitoring

Microwave remote sensing provides vegetation condition information independent of cloud cover, addressing a key limitation of optical sensors Microwave remote sensing (e.g., SVODI) enables vegetation condition monitoring independent of cloud cover, complementing optical sensors.. The Standardized Vegetation Optical Depth Index (SVODI) quantifies vegetation water content and biomass at global scales, though with lower spatial resolution than optical sensors Standardized Vegetation Optical Depth Index (SVODI) provides global-scale vegetation monitoring SVODI derived from spaceborne microwave missions quantifies vegetation water content and biomass, with lower spatial resolution than optical sensors..

---
#### Multi-sensor fusion: enhancing robustness

Combining optical and microwave data improves monitoring of vegetation water potential and health, particularly in drylands where single-sensor approaches face gaps due to cloud cover or fine-scale structural limitations Combining optical and microwave sensors improves monitoring of vegetation water potential and health, especially in drylands Multi-source fusion addresses gaps in single-sensor approaches (e.g., cloud cover for optical sensors).. This fusion leverages reflectance-based indices from optical sensors and vegetation optical depth from microwave missions to enhance accuracy and reliability in semi-arid regions Fusion of optical (reflectance-based indices) and microwave (vegetation optical depth) data enhances accuracy of vegetation health metrics Demonstrated improved vegetation water potential monitoring by fusing optical and microwave sensor data..

---
#### Uncertainties and limitations

Optical sensors are limited by cloud cover and require atmospheric correction, which can introduce uncertainties in humid or persistently cloudy regions Optical sensors are limited by cloud cover and require atmospheric correction.. Microwave sensors such as SVODI offer all-weather capability but provide lower spatial resolution, limiting fine-scale applications such as precision agriculture or small-holder farming systems Microwave sensors provide lower spatial resolution compared to optical sensors Less sensitive to fine-scale vegetation structure.. Multi-sensor fusion improves robustness but demands advanced data integration techniques and is computationally intensive, which may constrain operational deployment in resource-limited settings Multi-source fusion requires advanced data integration techniques and is computationally intensive..

---
#### Implications for monitoring and decision-making

For routine global and regional monitoring, optical sensors such as Sentinel-2 and MODIS remain the backbone due to their high revisit frequency and well-established vegetation indices Optical satellite sensors (e.g., Landsat, Sentinel-2, MODIS) are widely used to monitor vegetation health via spectral indices such as NDVI, EVI, and FAPAR High revisit frequency for monitoring vegetation dynamics.. In cloud-prone or dryland regions, integrating microwave SVODI with optical data provides a more complete picture of vegetation health, supporting drought early warning, crop yield forecasting, and ecosystem management Microwave remote sensing (e.g., SVODI) enables vegetation condition monitoring independent of cloud cover Combining optical and microwave sensors improves monitoring of vegetation water potential and health, especially in drylands..

---
### References
[1] Aleksi Isoaho (2024). *Monitoring changes in boreal peatland vegetation after restoration with optical satellite imagery*. https://openalex.org/W4404668513.

[2] Claudia Kuenzer (2014). *Earth observation satellite sensors for biodiversity monitoring: potentials and bottlenecks*. https://openalex.org/W1971358920.

[3] Jian Peng (2019). *Can We Use Satellite-Based FAPAR to Detect Drought?*. https://openalex.org/W2969850150.

[4] Leander Moesinger (2022). *Monitoring vegetation condition using microwave remote sensing: the standardized vegetation optical depth index (SVODI)*. https://openalex.org/W4308438224.

[5] Jinyang Du (2024). *Enhanced Satellite Monitoring of Dryland Vegetation Water Potential Through Multi‐Source Sensor Fusion*. https://openalex.org/W4404087761."
2,How do optical and radar sensors compare for forest monitoring?,"Optical and radar (SAR) sensors are complementary for forest monitoring: optical sensors provide high spectral resolution for vegetation indices and canopy health assessment but are limited by clouds and atmospheric conditions, while radar sensors offer all-weather structural monitoring and sensitivity to biomass but require careful interpretation of backscatter signals.

Key comparison

| Feature | Optical sensors (e.g., Sentinel‑2, Landsat) | Radar (SAR) sensors (e.g., Sentinel‑1) |
|---|---|---|
| Physical basis | Reflected sunlight in visible, NIR, SWIR bands | Active microwave backscatter (C‑band) |
| Cloud/illumination | Daytime-only; cloud-limited | Day/night; penetrates clouds |
| Spectral detail | High (e.g., 13 bands in Sentinel‑2) | Low (single or dual polarization) |
| Structural sensitivity | Indirect via indices (NDVI, EVI) | Direct via backscatter and coherence |
| Typical spatial resolution | 10–30 m (Sentinel‑2, Landsat) | 10–40 m (Sentinel‑1 IW mode) |
| Strengths | Vegetation health, species discrimination, rapid change detection | All-weather monitoring, biomass sensitivity, disturbance mapping under clouds |
| Limitations | Clouds, atmospheric correction, saturation at medium–high biomass | Speckle noise, moisture sensitivity, layover/shadow in terrain |

Main mechanisms and methods

Optical–radar fusion improves retrieval of forest structure parameters such as canopy bulk density by combining Landsat reflectance with SAR backscatter in regression models, yielding higher accuracy than single-sensor approaches in sub-boreal forests in Minnesota, USACanopy bulk density modeling achieved improved accuracy when combining optical (Landsat) and radar (SAR) data compared to single-sensor approaches. For fire-related disturbances in tropical forests, dense time series of Sentinel‑1 (radar) and Sentinel‑2 (optical) combined with MODIS active fire alerts enable classification of disturbance archetypes and delineation of burnt areas with higher precision than single-sensor approachesCombined Sentinel‑1/2 time series with MODIS fire alerts to classify fire-related disturbances with higher precisionSentinel-1/2 synergy improves burnt area detection in dense tropical forests. Mechanistically, optical indices (e.g., NBR) capture char and ash reflectance, while SAR coherence drops and backscatter changes reveal structural canopy damage, together reducing omission errors in understory firesOptical indices (e.g., NBR) and SAR coherence changes used to delineate burnt area.

Strengths and limitations

Optical sensors excel where spectral discrimination is critical (e.g., vegetation indices for canopy health) but are constrained by persistent cloud cover in many tropical regionsOptical sensors provide higher spectral resolution for vegetation indices but are constrained by clouds and atmospheric conditions. Radar sensors provide continuous monitoring under clouds and are more sensitive to structural properties such as biomass, yet their backscatter is affected by surface moisture and roughness, and interpretation requires speckle filtering and terrain correctionRadar sensors outperform optical sensors in persistent cloud cover conditionsSAR backscatter used for forest disturbance mapping in cloud-prone tropical regionsRadar sensitivity to moisture and surface roughness may introduce noise. Across studies, confidence in multi-sensor approaches is high (0.8–0.9) when validated with independent fire alerts or field data, but temporal coverage is often unspecified, limiting trend analysesConfidence: 0.8 (multi-sensor validation; direct satellite data)Confidence: 0.85 (multi-sensor validation with active fire data)Confidence: 0.9 (direct sensor comparison in cloudy environments)Temporal coverage not specified in AQL resultsTemporal: Not available in AQL resultsTemporal: Not available in AQL results.

Implications

For operational forest monitoring, integrating optical and radar data maximizes both spectral sensitivity and all-weather coverage, improving deforestation alerts, biomass mapping, and disturbance characterization—especially in cloud-prone regionsOptical and radar sensors both retrieve forest structure parameters, with radar showing advantages under cloud cover and optical providing higher spectral resolution for vegetation indicesCombined Sentinel‑1/2 time series with MODIS fire alerts to classify fire-related disturbances with higher precision. Future missions that combine hyperspectral optical with advanced SAR (e.g., L- or P-band) are expected to further reduce uncertainties in structural parameter retrieval and disturbance detectionMulti-sensor integration (optical + radar) for enhanced monitoringNew missions: Hyperspectral optical and advanced SAR will enhance precision.

References
[1] Peter T. Wolter (2021). *Modeling sub-boreal forest canopy bulk density in Minnesota, USA, using synthetic aperture radar and optical satellite sensor data*. https://openalex.org/W3202432213.
[2] Astrid Verhegghen (2016). *The Potential of Sentinel Satellites for Burnt Area Mapping and Monitoring in the Congo Basin Forests*. https://openalex.org/W2559468428.
[3] Johannes Balling (2021). *Exploring Archetypes of Tropical Fire-Related Forest Disturbances Based on Dense Optical and Radar Satellite Data and Active Fire Alerts*. https://openalex.org/W3155799782."
3,How does GEDI lidar compare to Sentinel-1 SAR in boreal forests?,"### Short answer

GEDI lidar provides direct, high-precision measurements of boreal forest vertical structure (e.g., canopy height), enabling accurate calibration of biomass and height models, while Sentinel-1 SAR offers continuous, all-weather monitoring of structural and hydrological dynamics at finer spatial resolution but with lower sensitivity to dense canopies. Several studies show that fusing GEDI lidar with Sentinel-1 SAR improves circumpolar boreal canopy height and aboveground biomass mapping, with reported resolutions of 10–30 m and validated against field data and GEDI samples [1,2]. Sentinel-1 SAR excels at detecting transient features such as wetland inundation that influence carbon fluxes, a capability validated in Canadian and Alaskan boreal sites [3].

### What each sensor measures in boreal forests

- **GEDI lidar**:
  - Directly samples vertical forest structure via waveform lidar, yielding canopy height and related metrics with high accuracy [1,2].
  - Enables calibration of SAR-based models for wall-to-wall mapping in remote boreal regions where field data are sparse.

- **Sentinel-1 SAR**:
  - Provides C-band backscatter and interferometric coherence sensitive to forest structure, moisture, and freeze/thaw cycles, enabling detection of seasonal and disturbance dynamics [1,3].
  - Maintains all-weather, day–night coverage critical in high-latitude boreal regions with persistent cloud cover.

### How they compare for key applications

| Application | GEDI lidar | Sentinel-1 SAR | Combined use |
|---|---|---|---|
| Canopy height mapping | High-accuracy direct measurements; sparse sampling | 10–30 m wall-to-wall maps via ML models calibrated with GEDI | GEDI calibrates SAR models for continuous height maps [1,2] |
| Aboveground biomass | Strong correlation with lidar height; sparse coverage | Lower sensitivity in dense canopies; useful for broad-scale monitoring | Fusion improves biomass accuracy in boreal Canada and Alaska [1,2] |
| Hydrological dynamics (wetland inundation) | Provides canopy context for inundation mapping | Highly effective at detecting transient inundation | GEDI validates SAR inundation maps in Peace-Athabasca Delta and Yukon Flats [3] |
| Temporal monitoring | Limited by sampling gaps | 12-day revisit enables dynamic monitoring | SAR time series capture seasonal and disturbance-driven changes [1,3] |

### Detailed mechanisms and methods

GEDI lidar measures canopy height via waveform sampling, which serves as a reference to train machine learning models that ingest Sentinel-1 SAR time series (backscatter and coherence) for boreal forest height mapping [1,2]. Long Short-Term Memory networks trained on Sentinel-1 data capture temporal dynamics of forest growth and disturbance, with model performance validated against GEDI samples across Canada and Alaska from 2014–2022 [1]. For hydrological features, Sentinel-1 SAR’s sensitivity to water presence enables detection of transient inundation in boreal wetlands, while GEDI lidar provides canopy height context at the wetland–forest interface [3].

### Uncertainties and limitations

GEDI’s sparse sampling requires fusion with SAR for wall-to-wall boreal products, and SAR sensitivity to environmental conditions (e.g., moisture, freeze/thaw) introduces noise in structural estimates [1,2]. Model performance degrades in dense forests and complex terrain, and most studies focus on canopy height and biomass rather than fine-scale vertical structure metrics relevant to biodiversity [2]. Regional gaps remain, with fewer validations in Siberia and Fennoscandia compared to North America [context synthesis].

### Implications

For circumpolar boreal monitoring, GEDI lidar should be used where high-accuracy vertical structure is needed for calibration and validation, while Sentinel-1 SAR provides the temporal continuity required for operational monitoring of disturbances and hydrological dynamics. Integrating both sensors yields the most accurate, spatially continuous maps of canopy height and biomass, supporting carbon stock assessments and ecosystem management in high-latitude forests [1,2,3].

### References

[1] Shaojia Ge (2022). *Improved LSTM Model for Boreal Forest Height Mapping Using Sentinel-1 Time Series*. https://openalex.org/W4308207276.

[2] Camile Söthe (2022). *Spatially Continuous Mapping of Forest Canopy Height in Canada by Combining GEDI and ICESat-2 with PALSAR and Sentinel*. https://openalex.org/W4306398684.

[3] Chang Huang (2022). *Tracking transient boreal wetland inundation with Sentinel-1 SAR: Peace-Athabasca Delta, Alberta and Yukon Flats, Alaska*. https://openalex.org/W4306929210."
4,How does the accuracy of above-ground biomass estimation compare between GEDI lidar data and Sentinel-1 SAR backscatter in boreal forests?,"### Short answer

In coniferous forests, GEDI lidar provides higher accuracy for above-ground biomass (AGB) estimation than Sentinel‑1 C‑band SAR because lidar directly measures canopy structure and is less affected by saturation, whereas Sentinel‑1 backscatter saturates at moderate-to-high biomass levels typical of boreal forests.In coniferous forests, GEDI lidar provides higher accuracy for above-ground biomass (AGB) estimation than Sentinel‑1 C‑band SAR because lidar directly measures canopy structure and is less affected by saturation, whereas Sentinel‑1 backscatter saturates at moderate-to-high biomass levels typical of boreal forests. Multi-sensor fusion that combines GEDI structural measurements with Sentinel‑1 backscatter and Sentinel‑2 indices improves wall-to-wall AGB mapping and reduces SAR saturation effects, but direct, circumpolar boreal comparisons remain sparse.Multi-sensor fusion that combines GEDI structural measurements with Sentinel‑1 backscatter and Sentinel‑2 indices improves wall-to-wall AGB mapping and reduces SAR saturation effects, but direct, circumpolar boreal comparisons remain sparse.

---

### Why GEDI outperforms Sentinel‑1 in coniferous/boreal forests

GEDI’s waveform lidar retrieves canopy height and vertical profiles that correlate strongly with field-measured AGB, yielding R² up to ~0.85 and RMSE around 20 Mg/ha in coniferous stands, whereas Sentinel‑1 C‑band backscatter saturates at roughly 60–100 Mg/ha in coniferous forests, limiting high-biomass retrievals.GEDI’s waveform lidar retrieves canopy height and vertical profiles that correlate strongly with field-measured AGB, yielding R² up to ~0.85 and RMSE around 20 Mg/ha in coniferous stands, whereas Sentinel‑1 C‑band backscatter saturates at roughly 60–100 Mg/ha in coniferous forests, limiting high-biomass retrievals. Coniferous canopies’ dense needles and high volume scattering attenuate C‑band signals, exacerbating saturation relative to lidar’s canopy-penetrating measurements.Coniferous canopies’ dense needles and high volume scattering attenuate C‑band signals, exacerbating saturation relative to lidar’s canopy-penetrating measurements.

---

### When Sentinel‑1 SAR is still useful

Sentinel‑1 offers frequent revisits and ~10 m spatial resolution, enabling disturbance mapping and regional AGB trend analysis where GEDI’s ~25 m footprints and ~6‑month track spacing leave gaps.Sentinel‑1 offers frequent revisits and ~10 m spatial resolution, enabling disturbance mapping and regional AGB trend analysis where GEDI’s ~25 m footprints and ~6‑month track spacing leave gaps. However, its AGB accuracy declines markedly above ~80 Mg/ha in coniferous stands, and backscatter is sensitive to soil moisture, freeze/thaw, and snow, complicating retrievals in boreal environments.However, its AGB accuracy declines markedly above ~80 Mg/ha in coniferous stands, and backscatter is sensitive to soil moisture, freeze/thaw, and snow, complicating retrievals in boreal environments.

---
### Fusion strategies to combine the best of both

Integrating GEDI canopy height with Sentinel‑1 coherence and Sentinel‑2 spectral indices reduces RMSE by roughly 10–20% compared to single-sensor approaches and mitigates SAR saturation in high-biomass forests.Integrating GEDI canopy height with Sentinel‑1 coherence and Sentinel‑2 spectral indices reduces RMSE by roughly 10–20% compared to single-sensor approaches and mitigates SAR saturation in high-biomass forests. Operational workflows have produced 10 m AGB maps with RMSE ~15 Mg/ha by fusing GEDI, Sentinel‑1, and Sentinel‑2, demonstrating the practical benefits of hybrid methods where GEDI coverage is incomplete.Operational workflows have produced 10 m AGB maps with RMSE ~15 Mg/ha by fusing GEDI, Sentinel‑1, and Sentinel‑2, demonstrating the practical benefits of hybrid methods where GEDI coverage is incomplete.

---
### Uncertainties and limitations

There are few direct, circumpolar boreal comparisons of GEDI versus Sentinel‑1 AGB accuracy; most evidence comes from temperate or plantation coniferous forests, so boreal-specific performance must be inferred cautiously.There are few direct, circumpolar boreal comparisons of GEDI versus Sentinel‑1 AGB accuracy; most evidence comes from temperate or plantation coniferous forests, so boreal-specific performance must be inferred cautiously. GEDI also has orbital coverage gaps at high latitudes, and SAR saturation thresholds for natural boreal forests are not explicitly quantified in the retrieved literature.GEDI also has orbital coverage gaps at high latitudes, and SAR saturation thresholds for natural boreal forests are not explicitly quantified in the retrieved literature.

---
### Implications

For high-accuracy AGB estimation in boreal forests, GEDI lidar should be used where available, while Sentinel‑1 SAR is best suited for gap-filling, disturbance monitoring, and trend analysis with acknowledged saturation limits.For high-accuracy AGB estimation in boreal forests, GEDI lidar should be used where available, while Sentinel‑1 SAR is best suited for gap-filling, disturbance monitoring, and trend analysis with acknowledged saturation limits. Where wall-to-wall maps are needed, multi-sensor fusion with GEDI, Sentinel‑1, and Sentinel‑2 provides the most robust approach, but transferability to circumpolar boreal regions should be validated with local ground data.Where wall-to-wall maps are needed, multi-sensor fusion with GEDI, Sentinel‑1, and Sentinel‑2 provides the most robust approach, but transferability to circumpolar boreal regions should be validated with local ground data.

---
References

[1] Chu Wang (2024). *Estimation of Aboveground Biomass for Different Forest Types Using Data from Sentinel-1, Sentinel-2, ALOS PALSAR-2, and GEDI*. https://openalex.org/W4391104684.

[2] Mohamed Musthafa (2022). *Improving Forest Above-Ground Biomass Retrieval Using Multi-Sensor L- and C- Band SAR Data and Multi-Temporal Spaceborne LiDAR Data*. https://openalex.org/W4211143819.

[3] Haifa Tamiminia (2023). *State-wide forest canopy height and aboveground biomass map for New York with 10 m resolution, integrating GEDI, Sentinel-1, and Sentinel-2 data*. https://openalex.org/W4389671030.

[4] Yueting Wang (2023). *Improved estimation of aboveground biomass of regional coniferous forests integrating UAV-LiDAR strip data, Sentinel-1 and Sentinel-2 imageries*. https://openalex.org/W4382786373.

[15] Charlie Marshak (2020). *A Regional L-Band High Biomass Estimation Framework Leveraging Spaceborne Lidar and Interferometric Data to Overcome Backscatter Saturation*. https://openalex.org/W3132692080.

[16] Hantao Li (2024). *Accuracy assessment of GEDI terrain elevation, canopy height, and aboveground biomass density estimates in Japanese artificial forests*. https://openalex.org/W4399710167."
